ID,N_VICTIMAS,AÑO,MES,DIA,HORA,LUGAR_DEL_HECHO,TIPO_DE_RUTA,COMUNA,X,Y,VICTIMA,ACUSADO,ROL,SEXO,EDAD
2016-0001,1,2016,1,1,4,AV PIEDRA BUENA Y AV FERNANDEZ DE LA CRUZ,avenida,8,-58.47533969,-34.68757022,moto,auto,conductor,masculino,19
2016-0002,1,2016,1,2,1,AV GRAL PAZ  Y AV DE LOS CORRALES,avenida,9,-58.50877521,-34.66977709,auto,pasajeros,conductor,masculino,70
2016-0003,1,2016,1,3,7,AV ENTRE RIOS 2034,avenida,1,-58.39040293,-34.63189362,moto,auto,conductor,masculino,30
2016-0004,1,2016,1,10,0,AV LARRAZABAL Y GRAL VILLEGAS CONRADO,avenida,8,-58.46503904,-34.68092974,moto,auto,conductor,masculino,18
2016-0005,1,2016,1,21,5,AV SAN JUAN Y PRESIDENTE LUIS SAENZ PEÑA ,avenida,1,-58.38718297,-34.62246630,moto,pasajeros,conductor,masculino,29
2016-0008,1,2016,1,24,18,AV 27 DE FEBRERO Y AV ESCALADA,avenida,8,-58.44451316,-34.68475866,moto,objeto fijo,conductor,masculino,30
2016-0009,1,2016,1,24,19,NOGOYA Y JOAQUIN V. GONZALES,calle,11,-58.50095869,-34.60825440,moto,auto,pasajero_acompañante,masculino,29
2016-0010,1,2016,1,29,15,AV GENERAL PAZ Y AV DE LOS CORRALES,avenida,9,-58.50877521,-34.66977709,moto,auto,conductor,masculino,18
2016-0012,1,2016,2,8,1,AV BELGRANO Y BERNARDO DE IRIGOYEN,avenida,1,-58.38048577,-34.61303893,moto,cargas,conductor,masculino,22
2016-0013,1,2016,2,10,11,AV ENTRE RIOS 1366,avenida,1,-58.39114932,-34.62477387,peaton,auto,peaton,masculino,16
2016-0015,1,2016,2,14,5,AV SCALABRINI ORTIZ Y VERA,avenida,15,-58.43760020,-34.59912758,peaton,auto,peaton,femenino,16
2016-0016,1,2016,2,14,22,AV REGIMIENTO DE PATRICIOS Y QUINQUELA MARTIN BENITO,avenida,4,-58.36882665,-34.64291993,moto,auto,pasajero_acompañante,femenino,19
2016-0017,1,2016,2,15,16,MARIANO ACOSTA Y ANA MARIA JANER,avenida,8,-58.44989671,-34.65970435,peaton,moto,peaton,masculino,59
2016-0019,1,2016,2,17,9,LISANDRO DE LA TORRE Y SEVERO GARCIA GRANDE DE ZEQUEIRA ,calle,9,-58.50990884,-34.65468721,peaton,pasajeros,peaton,femenino,65
2016-0020,1,2016,2,17,16,SUIPACHA 156,calle,1,-58.37952223,-34.60653282,peaton,auto,peaton,masculino,59
2016-0021,1,2016,2,17,23,AV DIRECTORIO Y CURAPALIGUE,avenida,7,-58.45157703,-34.63063795,auto,auto,conductor,masculino,34
2016-0022,1,2016,2,21,6,AV 9 DE JULIO Y ADOLFO ALSINA,avenida,1,-58.38144696,-34.61079875,moto,auto,pasajero_acompañante,masculino,41
2016-0025,1,2016,2,28,4,AV GRAL PAZ Y AV 27 DE FEBRERO,avenida,8,-58.46244952,-34.70524971,auto,auto,pasajero_acompañante,masculino,34
2016-0026,1,2016,2,28,7,HOLMBERG Y VEDIA,calle,12,-58.49216191,-34.54738649,auto,objeto fijo,conductor,masculino,30
2016-0027,1,2016,2,28,9,CURAPALIGUE Y AVELINO DIAZ,avenida,7,-58.44497874,-34.63852623,auto,auto,pasajero_acompañante,masculino,34
2016-0028,1,2016,3,2,10,VIAMONTE Y AV 9 DE JULIO,avenida,1,-58.38199706,-34.60028648,peaton,cargas,peaton,masculino,50
2016-0029,1,2016,3,4,17,AV CABILDO Y DEHEZA,avenida,12,-58.47378664,-34.54153077,peaton,pasajeros,peaton,masculino,38
2016-0031,1,2016,3,8,12,AV GRAL PAZ Y AV CNEL ROCA,avenida,8,-58.47064556,-34.69843756,moto,pasajeros,conductor,masculino,21
2016-0034,1,2016,3,12,12,AV AMANCIO ALCORTA Y BONAVENA,avenida,4,-58.40623949,-34.65076549,peaton,pasajeros,peaton,masculino,52
2016-0035,1,2016,3,13,6,AV CORRIENTES Y AV CALLAO,avenida,3,-58.39228965,-34.60443527,moto,pasajeros,conductor,masculino,34
2016-0036,1,2016,3,14,0,HERRERA Y ARISTOBULO DEL VALLE,calle,4,-58.37813396,-34.63668504,moto,pasajeros,pasajero_acompañante,masculino,36
2016-0037,1,2016,3,19,11,AV. EVA PERON Y QUIRNO,avenida,7,-58.46275892,-34.64358293,moto,moto,conductor,masculino,20
2016-0038,1,2016,3,21,8,AV GRAL PAZ COLECTORA Y ZUVIRIA,avenida,8,-58.49683458,-34.67892743,peaton,pasajeros,peaton,masculino,29
2016-0039,1,2016,3,23,1,BARTOLOME MITRE Y AV PUEYRREDON,avenida,3,-58.40603217,-34.60883960,moto,pasajeros,conductor,masculino,20
2016-0041,2,2016,3,29,11,AV DIRECTORIO Y RIVERA INDARTE,avenida,7,-58.46076550,-34.63350444,moto,cargas,conductor,masculino,54
2016-0041,2,2016,3,29,11,AV DIRECTORIO Y RIVERA INDARTE,avenida,7,-58.46076550,-34.63350444,moto,cargas,pasajero_acompañante,masculino,37
2016-0043,1,2016,3,30,18,DELLEPIANE LUIS TTE GRAL COLECTORA Y MURGUIONDO,avenida,8,-58.47832463,-34.67494416,peaton,cargas,peaton,femenino,56
2016-0044,1,2016,3,31,19,AV JOSE MARIA MORENO Y BALBASTRO,avenida,7,-58.43213235,-34.63693953,moto,multiple,conductor,masculino,24
2016-0045,1,2016,4,11,10,AV GRAL PAZ Y AV DEL LIBERTADOR,avenida,13,-58.46743471,-34.53476874,moto,auto,conductor,masculino,37
2016-0047,1,2016,4,15,5,LIMA 1483,calle,1,-58.38247061,-34.62571878,peaton,pasajeros,peaton,masculino,41
2016-0048,1,2016,4,15,17,AV. CORRIENTES Y AV. DORREGO,avenida,15,-58.44759966,-34.59170240,peaton,pasajeros,peaton,femenino,37
2016-0049,1,2016,4,17,0,"AUTOPISTA 1 SUR PRESIDENTE ARTURO FRONDIZI KM. 0,700",autopista,4,-58.37714647568196,-34.63657525428238,moto,auto,conductor,masculino,37
2016-0050,1,2016,4,19,9,TIMOTEO GORDILLO Y AV FERNANDEZ DE LA CRUZ,avenida,8,-58.47305463,-34.68550712,peaton,pasajeros,peaton,masculino,78
2016-0051,1,2016,4,20,4,AV AMANCIO ALCORTA Y BONAVENA,avenida,4,-58.40623949,-34.65076549,moto,cargas,conductor,masculino,36
2016-0052,1,2016,4,20,20,AUTOPISTA LUGONES PK 10000,autopista,13,.,.,moto,auto,conductor,masculino,37
2016-0053,1,2016,4,22,9,AV TRIUNVIRATO Y AV OLAZABAL,avenida,12,-58.48429180,-34.57558053,peaton,pasajeros,peaton,masculino,38
2016-0054,1,2016,4,23,21,AU LUIS DELLEPIANE Y AV GRAL PAZ,autopista,8,-58.48695354,-34.68795245,moto,moto,conductor,masculino,30
2016-0055,1,2016,4,25,20,RAMON CASTILLA Y AV FIGUEROA ALCORTA,avenida,14,-58.40021959,-34.57964781,peaton,cargas,peaton,masculino,79
2016-0056,1,2016,4,26,4,AV LUIS MARIA CAMPOS 30,avenida,14,-58.42957885,-34.57660058,moto,objeto fijo,conductor,masculino,26
2016-0058,1,2016,5,4,14,LIMA 1471,calle,1,-58.38247542,-34.62556293,peaton,moto,peaton,femenino,57
2016-0059,1,2016,5,8,16,PASAJE CIUDADELA Y LIMA OESTE,calle,1,-58.38222219,-34.62728101,peaton,pasajeros,peaton,masculino,37
2016-0064,1,2016,5,14,18,AV JUAN B JUSTO Y AV CARRASCO,avenida,10,-58.49485242,-34.62953445,peaton,pasajeros,peaton,masculino,20
2016-0065,1,2016,5,20,14,AV GAONA Y ESPINOSA,avenida,6,-58.45227946,-34.61068024,peaton,auto,peaton,masculino,20
2016-0067,1,2016,5,21,17,AV LISANDRO DE LA TORRE Y SARAZA,avenida,8,-58.48455411,-34.67512760,moto,pasajeros,pasajero_acompañante,femenino,30
2016-0068,1,2016,5,22,22,AV FIGUEROA ALCORTA Y AV PUEYRREDON,avenida,2,-58.39056593,-34.58418569,moto,pasajeros,conductor,masculino,58
2016-0069,1,2016,5,23,3,AV ENTRE RIOS Y PASAJE FILIBERTO,avenida,3,-58.39118948,-34.62704273,auto,cargas,conductor,masculino,30
2016-0073,1,2016,6,11,15,MAGARIÑOS CERVANTES 3900,calle,10,-58.49021952,-34.62025108,moto,cargas,conductor,masculino,23
2016-0074,1,2016,6,12,6,AV GRAL PAZ Y RODOLFO SCAPINO,avenida,8,-58.49896559,-34.67732118,auto,auto,conductor,masculino,60
2016-0075,1,2016,6,12,23,AUTOPISTA DELLEPIANE LUIS TTE GRAL Y MIRALLA,autopista,8,-58.47461076,-34.66874679,peaton,auto,peaton,masculino,42
2016-0076,1,2016,6,13,16,AV SAN MARTIN Y CAMARONES,avenida,15,-58.46210891,-34.60356211,peaton,pasajeros,peaton,femenino,53
2016-0077,1,2016,6,13,21,TTEG JUAN D PERON Y AVDA LEANDRO N ALEM,avenida,1,-58.37027770,-34.60536123,peaton,pasajeros,peaton,femenino,37
2016-0078,1,2016,6,13,23,AV BELGRANO Y AV JUJUY,avenida,3,-58.40491455,-34.61463830,moto,moto,conductor,masculino,30
2016-0079,1,2016,6,16,17,AV DEL LIBERTADOR Y AV GUILLERMO UDAONDO,avenida,13,-58.45504154,-34.54864492,auto,auto,conductor,femenino,51
2016-0080,1,2016,6,18,6,AV GRAL PAZ Y AV RIVADAVIA,avenida,9,-58.52927982,-34.63931752,auto,auto,conductor,masculino,60
2016-0081,1,2016,6,22,7,AV CRISOLOGO LARRALDE Y MACHAIN,avenida,12,-58.48721060,-34.55904606,moto,auto,conductor,masculino,40
2016-0082,1,2016,6,27,18,AV LA PLATA 2384,avenida,4,-58.42273092,-34.64228803,peaton,auto,peaton,masculino,87
2016-0083,1,2016,6,28,20,AV JUAN B ALBERDI Y PUAN,avenida,6,-58.44788671,-34.62539009,peaton,moto,peaton,femenino,76
2016-0084,1,2016,6,29,22,CARLOS PELLEGRINI Y TUCUMAN,calle,1,-58.38110563,-34.60135531,peaton,pasajeros,peaton,masculino,57
2016-0085,1,2016,6,29,22,AVDA ITE FRANCISCO RABANAL & AVDA EREZCANO,avenida,4,-58.42378834,-34.65734100,moto,otros,conductor,masculino,37
2016-0086,1,2016,6,30,16,AV OLIVERA Y RAMON FALCON,avenida,10,-58.48727942,-34.63652467,peaton,pasajeros,peaton,masculino,75
2016-0087,1,2016,7,3,0,AUTOPISTA 1 SUR PTE ARTURO FRONDIZI Y AV CASEROS,autopista,1,-58.37864583,-34.62907067,moto,objeto fijo,conductor,masculino,23
2016-0088,1,2016,7,11,15,CERETTI Y NUÑEZ,calle,12,-58.50151750,-34.56767549,peaton,auto,peaton,femenino,70
2016-0089,1,2016,7,14,6,AV LUGONES Y LA PAMPA,autopista,13,-58.43233425,-34.55185825,peaton,auto,peaton,masculino,35
2016-0090,1,2016,7,14,22,JERONIMO SALGUERO Y AV RIVADAVIA,avenida,5,-58.41971993,-34.61112240,peaton,pasajeros,peaton,masculino,60
2016-0092,1,2016,7,15,11,AV GRAL PAZ Y AV LIBERTADOR ,avenida,13,-58.46743471,-34.53476874,moto,cargas,conductor,masculino,24
2016-0093,1,2016,7,17,3,AV JUAN B ALBERDI Y EMILIO MITRE,avenida,6,-58.44362126,-34.62301748,auto,auto,conductor,masculino,35
2016-0095,1,2016,7,23,6,MERCEDES Y AV GRAL MOSCONI,avenida,11,-58.51713095,-34.59546519,moto,auto,conductor,masculino,29
2016-0096,1,2016,7,25,7,"AUTOPISTA DELLEPIANE LUIS TTE. GRAL. KM. 2,3",autopista,8,-58.47433193007387,-34.66684950051973,moto,cargas,conductor,masculino,37
2016-0097,1,2016,7,26,18,SOLIS Y MEXICO,calle,1,-58.39038605,-34.61562810,peaton,auto,peaton,masculino,80
2016-0098,1,2016,7,27,16,AV SAN JUAN Y ALBERTI,avenida,3,-58.40042405,-34.62356174,moto,cargas,conductor,femenino,43
2016-0099,1,2016,7,29,16,AV GRAL MOSCONI Y AV GRAL PAZ,avenida,11,-58.52340614,-34.59798754,cargas,cargas,conductor,masculino,45
2016-0100,1,2016,8,3,23,AV GRAL PAZ  Y DONADO,avenida,12,-58.49491054,-34.54795581,moto,objeto fijo,conductor,masculino,57
2016-0101,1,2016,8,7,19,AV GRAL PAZ Y JORGE CHAVEZ,avenida,9,-58.52932872,-34.65014993,moto,auto,conductor,masculino,67
2016-0102,1,2016,8,10,23,AV EVA PERON Y JOSE LEON SUAREZ,avenida,9,-58.50011639,-34.67316502,moto,cargas,conductor,masculino,29
2016-0104,1,2016,8,14,21,ZINNY Y AV SANTIAGO DE COMPOSTELA,avenida,9,-58.46635001,-34.65624369,moto,pasajeros,conductor,masculino,21
2016-0105,1,2016,8,17,0,AV FEDERICO LACROZE Y FRAGA,avenida,15,-58.45343236,-34.58435809,peaton,pasajeros,peaton,masculino,19
2016-0106,1,2016,8,19,21,CARLOS PELLEGRINI Y AV DEL LIBERTADOR,avenida,1,-58.38090932,-34.58927731,peaton,pasajeros,peaton,masculino,38
2016-0107,1,2016,8,20,8,AUTOPISTA 9 DE JULIO SUR ALT AV MENDOZA,autopista,4,-58.37157668,-34.65429986,moto,auto,conductor,masculino,21
2016-0109,1,2016,8,24,5,AUTOPISTA PERITO MORENO Y BARRAGAN,autopista,9,-58.52280139,-34.63659934,auto,objeto fijo,conductor,femenino,53
2016-0110,1,2016,8,24,20,AV ALBERDI Y CARHUE,avenida,9,-58.51232237,-34.65903530,peaton,auto,peaton,masculino,57
2016-0111,1,2016,8,25,9,AUTOPISTA LEOPOLDO LUGONES Y LA PAMPA,autopista,15,-58.47461905,-34.57663634,moto,cargas,conductor,masculino,27
2016-0112,1,2016,8,27,4,AUTOPISTA 25 DE MAYO AUTOPISTA 1 SUR ARTURO FRONDIZI,autopista,1,-58.38268809,-34.62282019,moto,objeto fijo,conductor,masculino,24
2016-0113,1,2016,8,27,16,AV JUAN BAUTISTA ALBERDI Y GUARDIA NACIONAL,avenida,9,-58.49603546,-34.64564271,peaton,pasajeros,peaton,femenino,60
2016-0114,1,2016,8,31,11,SALGUERO 1410,calle,14,-58.41848605,-34.59394733,bicicleta,cargas,ciclista,femenino,55
2016-0115,1,2016,9,2,11,ARIAS Y TRONADOR,calle,12,-58.48935041,-34.54917673,moto,cargas,conductor,masculino,37
2016-0116,1,2016,9,2,20,AV 27 DE FEBRERO Y AV ESCALADA,avenida,8,-58.44451316,-34.68475866,moto,auto,conductor,masculino,30
2016-0117,1,2016,9,3,15,AV DEL LIBERTADOR Y TAGLE,avenida,14,-58.39936478,-34.58271474,auto,auto,conductor,masculino,43
2016-0118,1,2016,9,4,3,AUTOPISTA 1 SUR PTE ARTURO FRONDIZI KM 2.9,autopista,1,-58.37936704,-34.62694503,auto,auto,conductor,masculino,27
2016-0119,1,2016,9,4,6,CRISOLOGO LARRALDE Y AVDA TRIUNVIRATO,avenida,12,-58.49659234,-34.56353635,moto,auto,pasajero_acompañante,femenino,37
2016-0122,1,2016,9,13,7,AV EVA PERON 4233,avenida,9,-58.47256391,-34.65194557,bicicleta,pasajeros,ciclista,masculino,49
2016-0123,1,2016,9,14,9,AV ASAMBLEA Y AV CNEL ESTEBAN BONORINO,avenida,7,-58.45130953,-34.64053676,moto,auto,conductor,femenino,58
2016-0124,1,2016,9,16,15,AVDA RIVADAVIA Y RIVERA INDARTE,avenida,7,-58.46271207,-34.62884871,peaton,pasajeros,peaton,masculino,67
2016-0125,1,2016,9,17,12,AUTOPISTA PERITO MORENO Y AV JUAN B ALBERDI,autopista,10,-58.49020869,-34.64243791,moto,moto,conductor,masculino,30
2016-0126,2,2016,9,18,22,IRIGOYEN Y TINOGASTA,calle,10,-58.52572109,-34.62125906,auto,cargas,conductor,masculino,37
2016-0126,2,2016,9,18,22,IRIGOYEN Y TINOGASTA,calle,10,-58.52572109,-34.62125906,auto,cargas,pasajero_acompañante,masculino,60
2016-0127,1,2016,9,24,10,AV MARIANO ACOSTA Y AV CNEL ROCA,avenida,8,-58.44094791,-34.66677111,peaton,pasajeros,peaton,masculino,50
2016-0128,1,2016,10,2,11,CASTRO Y AV PAVON,avenida,5,-58.41914024,-34.63053890,peaton,pasajeros,peaton,femenino,81
2016-0130,1,2016,10,4,12,AUTOPISTA 9 DE JULIO SUR Y AV BRASIL,autopista,1,-58.37910942,-34.62764717,moto,cargas,conductor,masculino,29
2016-0131,1,2016,10,9,19,MIRAVE 3500,calle,4,-58.39871183,-34.64539318,peaton,auto,peaton,masculino,35
2016-0132,1,2016,10,10,2,AV SAN JUAN Y 24 DE NOVIEMBRE,avenida,3,-58.41036975,-34.62477021,auto,pasajeros,pasajero_acompañante,masculino,30
2016-0133,1,2016,10,14,0,AV LAS HERAS Y SANCHEZ DE BUSTAMANTE,avenida,14,-58.40204698,-34.58342690,moto,auto,conductor,masculino,41
2016-0134,1,2016,10,23,5,AV PIEDRA BUENA Y 2 DE ABRIL 1982,avenida,8,-58.48935287,-34.67648597,moto,objeto fijo,conductor,masculino,25
2016-0135,1,2016,10,24,5,AV FIGUEROA ALCORTA  Y PINEDO,avenida,14,-58.42260225,-34.56403694,peaton,auto,peaton,masculino,29
2016-0136,1,2016,10,25,0,AU BUENOS AIRES - LA PLATA KM. 4,autopista,4,.,.,moto,cargas,conductor,masculino,37
2016-0137,1,2016,10,25,0,AV SAN MARTIN Y LADINES,avenida,11,-58.51537091,-34.59035925,moto,moto,conductor,masculino,30
2016-0138,1,2016,10,27,20,AV CABILDO Y BLANCO ENCALADA,avenida,13,-58.45909670,-34.55922742,bicicleta,cargas,ciclista,femenino,33
2016-0139,1,2016,10,28,23,AV PRESIDENTE FIGUEROA ALCORTA Y AV DORREGO,avenida,14,-58.42008769,-34.56539579,moto,moto,pasajero_acompañante,femenino,35
2016-0140,1,2016,10,31,2,AV JURAMENTO Y VUELTA DE OBLIGADO,avenida,13,-58.45566399,-34.56147293,pasajeros,pasajeros,pasajero_acompañante,masculino,20
2016-0142,1,2016,11,5,23,AV DEL LIBERTADOR Y AV RAMOS MEJIA,avenida,1,-58.37533517,-34.59276462,moto,pasajeros,conductor,masculino,46
2016-0143,1,2016,11,6,4,AV 27 DE FEBRERO Y AV ESCALADA,avenida,8,-58.44451316,-34.68475866,moto,auto,conductor,masculino,35
2016-0144,1,2016,11,7,12,AV. ALTE. BROWN 984,avenida,4,-58.35975012,-34.63343907,peaton,pasajeros,peaton,masculino,83
2016-0145,1,2016,11,7,20,AV DEL LIBERTADOR Y LA PAMPA,avenida,13,-58.44523595,-34.55953855,moto,auto,conductor,masculino,39
2016-0146,1,2016,11,9,20,PICHINCHA Y AV BRASIL,avenida,4,-58.39626094,-34.63036565,peaton,pasajeros,peaton,femenino,29
2016-0147,1,2016,11,16,21,AV INDEPENDENCIA Y VIRREY CEVALLOS,avenida,1,-58.38896772,-34.61799615,otros,pasajeros,pasajero_acompañante,masculino,55
2016-0148,1,2016,11,16,22,AV GARMENDIA 4895,avenida,15,-58.46536113,-34.59484504,moto,moto,conductor,masculino,37
2016-0150,1,2016,11,18,18,AV AMANCIO ALCORTA Y DIOGENES TABORDA,avenida,4,-58.40879146,-34.65273216,cargas,cargas,pasajero_acompañante,masculino,41
2016-0152,1,2016,11,23,21,AV PERITO MORENO Y ZUVIRIA,avenida,7,-58.46451841,-34.64991946,moto,auto,conductor,masculino,42
2016-0153,1,2016,11,25,15,ARAOZ Y AV CORDOBA,avenida,15,-58.42917090,-34.59485488,peaton,moto,peaton,femenino,83
2016-0154,1,2016,11,26,14,AV GRAL PAZ 15200,avenida,8,-58.49007772,-34.68251141,moto,moto,conductor,masculino,38
2016-0155,1,2016,11,26,16,MADERO 900,calle,10,-58.52756365,-34.62772274,peaton,auto,peaton,femenino,29
2016-0156,1,2016,11,26,19,AV INDEPENDENCIA Y DEAN FUNES,avenida,3,-58.40638983,-34.61943202,moto,pasajeros,conductor,masculino,23
2016-0157,1,2016,12,3,6,AV JUAN B JUSTO 5645,avenida,11,-58.47576807,-34.61740997,moto,moto,conductor,masculino,23
2016-0159,1,2016,12,4,7,AV 27 DE FEBRERO Y AV ESCALADA,avenida,8,-58.44451316,-34.68475866,auto,auto,conductor,masculino,23
2016-0160,1,2016,12,6,5,AUTOPISTA PERITO MORENO ALTURA VELZ,autopista,9,-58.51927194,-34.63635787,cargas,objeto fijo,conductor,masculino,29
2016-0161,1,2016,12,6,7,AV SANTA FE Y GODOY CRUZ,avenida,14,-58.42525456,-34.57866344,peaton,pasajeros,peaton,masculino,50
2016-0162,1,2016,12,7,5,AV FEDERICO LACROZE Y AV FOREST,avenida,15,-58.45396573,-34.58518167,peaton,auto,peaton,masculino,38
2016-0163,1,2016,12,10,7,AV GRAL PAZ Y AV GENERAL MOSCONI,avenida,11,-58.52340614,-34.59798754,moto,auto,conductor,masculino,23
2016-0164,1,2016,12,11,6,AV LA PLATA Y CNEL GREGORIO POMAR,avenida,4,-58.42323628,-34.64119105,auto,auto,conductor,masculino,29
2016-0165,1,2016,12,12,8,AV MARTIN GARCIA 300,avenida,4,-58.36926144,-34.62841919,bicicleta,pasajeros,ciclista,masculino,37
2016-0168,1,2016,12,13,10,AV LA PLATA Y CNEL GREGORIO POMAR,avenida,4,-58.42323628,-34.64119105,moto,auto,conductor,masculino,43
2016-0169,1,2016,12,15,15,NUÑEZ Y AV RICARDO BALBIN,avenida,12,-58.47935434,-34.55676497,moto,pasajeros,conductor,masculino,24
2016-0170,1,2016,12,19,17,AV GRAL PAZ 4500,avenida,12,-58.50598256,-34.56379980,moto,auto,pasajero_acompañante,masculino,21
2016-0171,1,2016,12,25,19,AU BUENOS AIRES - LA PLATA Y AU 25 DE MAYO,autopista,1,-58.36607137,-34.62150748,moto,moto,conductor,masculino,37
2016-0172,1,2016,12,26,8,AV GARAY Y CASTRO,avenida,5,-58.41918902,-34.63174259,moto,cargas,conductor,masculino,38
2016-0173,1,2016,12,26,19,AV DIRECTORIO Y AV SAN PEDRITO,avenida,7,-58.46749188,-34.63551751,moto,cargas,conductor,masculino,35
2016-0175,1,2016,12,27,8,CNEL RAMON L FALCON Y MEMBRILLAR,calle,7,-58.46064174,-34.62960517,peaton,bicicleta,peaton,femenino,37
2016-0176,1,2016,12,28,1,AV BELGRANO Y AV PASEO COLON,avenida,1,-58.36956186,-34.61232875,moto,pasajeros,conductor,masculino,28
2016-0177,1,2016,12,29,4,ARENALES 3319,calle,14,-58.40966671,-34.58788235,peaton,auto,peaton,femenino,27
2016-0178,1,2016,12,30,16,REPUBLICA BOLIVARIANA DE VENEZUELA Y SAAVEDRA,calle,3,-58.40288226,-34.61544091,peaton,multiple,peaton,femenino,7
2017-0001,1,2017,1,2,1,AV. JUAN B JUSTO Y ACHUPALLAS,avenida,11,-58.46594230,-34.61028571,moto,cargas,conductor,masculino,18
2017-0003,1,2017,1,5,3,OLAVARRIA Y AV. VELEZ SARSFIELD,avenida,4,-58.38957669,-34.64410277,cargas,cargas,pasajero_acompañante,masculino,33
2017-0007,1,2017,1,11,17,LIMA Y MEXICO,calle,1,-58.38161660,-34.61529543,peaton,multiple,peaton,masculino,48
2017-0008,1,2017,1,16,0,JOSE A CABRERA Y BONPLAND,calle,14,-58.43917004,-34.58494351,moto,pasajeros,conductor,masculino,29
2017-0009,1,2017,1,16,13,AU 25 DE MAYO Y AV. BOEDO,autopista,5,-58.41595919,-34.62743346,moto,cargas,conductor,masculino,36
2017-0010,1,2017,1,16,16,AV. DIRECTORIO Y RIGLOS,avenida,6,-58.43564880,-34.62828656,moto,auto,conductor,masculino,23
2017-0011,1,2017,1,22,2,AV. GRAL. PAZ Y AV. R. BALBIN,avenida,12,-58.50073810,-34.54979510,moto,objeto fijo,pasajero_acompañante,femenino,29
2017-0012,1,2017,1,24,14,TRAFUL Y DIOGENES TABORDA,calle,4,-58.40969005,-34.65055290,moto,cargas,conductor,masculino,30
2017-0013,1,2017,1,27,7,IRIARTE 3055,avenida,4,-58.38972622,-34.65098981,peaton,cargas,peaton,masculino,4
2017-0014,1,2017,1,28,8,AV. DONADO Y ARIAS,avenida,12,-58.49185972,-34.55046754,moto,multiple,pasajero_acompañante,femenino,22
2017-0015,1,2017,2,2,15,CORDOBA AV. Y CALLAO,avenida,2,-58.39293417,-34.59963642,peaton,auto,peaton,masculino,82
2017-0016,1,2017,2,3,5,"AU 25 DE MAYO, KILOMETRO 8.3, SENTIDO HACIA PROVINCIA DE BUENOS AIRES, C.A.B.A.",autopista,1,-58.38099494,-34.62288231,moto,cargas,conductor,masculino,27
2017-0017,1,2017,2,6,8,AV. JUAN B JUSTO Y PARAGUAY,avenida,14,-58.42901200,-34.58095431,moto,auto,conductor,masculino,32
2017-0018,1,2017,2,9,7,AV. GRAL. PAZ Y AV. DE LOS CORRALES,avenida,9,-58.50877521,-34.66977709,moto,auto,conductor,masculino,30
2017-0021,1,2017,2,18,5,SARMIENTO Y LIBERTAD,calle,1,-58.38362373,-34.60509972,moto,pasajeros,conductor,masculino,43
2017-0024,1,2017,2,23,20,AV. RIVADAVIA 7121,avenida,7,-58.46589308,-34.62955795,peaton,pasajeros,peaton,masculino,39
2017-0025,1,2017,2,24,17,AV. FERNANDEZ DE LA CRUZ Y RIVERA INDARTE,avenida,7,-58.43614426,-34.65424640,moto,auto,conductor,masculino,23
2017-0026,2,2017,2,26,5,AV. PERITO MORENO Y FOURNIER,avenida,4,-58.41842777,-34.64979057,auto,objeto fijo,pasajero_acompañante,femenino,23
2017-0026,2,2017,2,26,5,AV. PERITO MORENO Y FOURNIER,avenida,4,-58.41842777,-34.64979057,auto,objeto fijo,conductor,masculino,19
2017-0027,1,2017,2,26,21,AV. CASEROS 1429,avenida,1,-58.38332245,-34.63193250,peaton,auto,peaton,masculino,37
2017-0028,1,2017,2,28,9,AV. GAONA Y FRAGATA SARMIENTO,avenida,6,-58.45475488,-34.61196327,peaton,auto,peaton,masculino,87
2017-0029,1,2017,3,7,2,MOZART Y TANDIL,calle,9,-58.48501341,-34.64742455,moto,auto,conductor,masculino,34
2017-0030,1,2017,3,7,8,MOZART Y COLECTORA AV. TTE. LUIS J DELLEPIANE,avenida,9,-58.47010988,-34.65872088,auto,pasajeros,conductor,femenino,27
2017-0031,1,2017,3,11,1,24 DE NOVIEMBRE Y PAVON ,calle,3,-58.40997560,-34.62873635,auto,objeto fijo,pasajero_acompañante,masculino,70
2017-0032,1,2017,3,12,5,AV. GRAL. PAZ Y PEDRO DE MENDOZA,avenida,8,-58.48892175,-34.68359163,auto,auto,pasajero_acompañante,femenino,40
2017-0033,1,2017,3,12,7,AV. GRAL. PAZ KM. 10,avenida,11,-58.52466448,-34.60325478,auto,auto,conductor,masculino,28
2017-0034,1,2017,3,13,7,GODOY CRUZ 2651,calle,14,-58.42554218,-34.57929036,peaton,auto,peaton,masculino,43
2017-0035,3,2017,3,23,5,AV. DR. TRISTAN ACHAVAL RODRIGUEZ Y BLVD. AZUCENA VILLAFLOR,avenida,1,-58.35881506,-34.61113641,auto,objeto fijo,conductor,masculino,28
2017-0035,3,2017,3,23,5,AV. DR. TRISTAN ACHAVAL RODRIGUEZ Y BLVD. AZUCENA VILLAFLOR,avenida,1,-58.35881506,-34.61113641,auto,objeto fijo,pasajero_acompañante,masculino,32
2017-0035,3,2017,3,23,5,AV. DR. TRISTAN ACHAVAL RODRIGUEZ Y BLVD. AZUCENA VILLAFLOR,avenida,1,-58.35881506,-34.61113641,auto,objeto fijo,pasajero_acompañante,masculino,30
2017-0036,2,2017,3,29,18,CURUPAYTI Y COLECTORA AV. GRAL. PAZ,avenida,12,-58.51452347,-34.58159762,moto,pasajeros,pasajero_acompañante,femenino,37
2017-0036,2,2017,3,29,18,CURUPAYTI Y COLECTORA AV. GRAL. PAZ,avenida,12,-58.51452347,-34.58159762,moto,pasajeros,conductor,masculino,20
2017-0037,1,2017,3,31,3,AV. INDEPENDENCIA Y VIRREY CEVALLOS,avenida,1,-58.38896772,-34.61799615,moto,cargas,conductor,masculino,41
2017-0038,1,2017,4,1,19,AV. CASTAÑARES Y LAUTARO,avenida,7,-58.44516857,-34.64363363,moto,auto,conductor,femenino,40
2017-0040,1,2017,4,3,9,CAMINO CIUDAD UNUVERSITARIA Y AV. TTE. GUIRALDES,avenida,13,-58.43834197,-34.54560369,auto,multiple,conductor,masculino,43
2017-0041,1,2017,4,3,23,BALDOMERO FERNANDEZ MORENO 2186,calle,7,-58.45485084,-34.63531854,moto,auto,conductor,masculino,17
2017-0042,1,2017,4,10,9,AV. LEOPOLDO LUGONES PKM 6900,avenida,14,.,.,moto,cargas,conductor,masculino,37
2017-0045,1,2017,4,14,6,NOGOYA 5940,calle,10,-58.52449285,-34.62454175,moto,objeto fijo,conductor,masculino,21
2017-0047,1,2017,4,23,6,AV. ARGENTINA Y AV. CORVALAN,avenida,8,-58.46713742,-34.67198790,moto,auto,conductor,masculino,37
2017-0049,1,2017,4,27,18,AV. FERNANDEZ DE LA CRUZ Y VARELA,avenida,8,-58.43850413,-34.65554754,peaton,pasajeros,peaton,masculino,22
2017-0050,2,2017,4,28,11,AU PERITO MORENO Y RAMAL ENLACE AU1/AU6,autopista,9,.,.,moto,cargas,conductor,masculino,46
2017-0050,2,2017,4,28,11,AU PERITO MORENO Y RAMAL ENLACE AU1/AU6,autopista,9,.,.,moto,cargas,pasajero_acompañante,masculino,16
2017-0051,1,2017,5,1,3,AU DELLEPIANE 2400,autopista,7,.,.,auto,auto,conductor,masculino,33
2017-0052,1,2017,5,5,3,AV. GRAL. PAZ Y GOLETA JULIA,avenida,8,-58.49413799,-34.68095739,peaton,cargas,peaton,femenino,47
2017-0053,1,2017,5,5,20,VIEYTES Y VILLARINO,calle,4,-58.37547846,-34.65326075,moto,cargas,conductor,masculino,28
2017-0054,1,2017,5,7,21,AV. DE LOS CONSTITUYENTES Y PEDRO MORAN,avenida,15,-58.48680218,-34.58689719,moto,auto,pasajero_acompañante,femenino,20
2017-0055,1,2017,5,9,8,AV. DE LOS CONSTITUYENTES 4900,avenida,12,-58.49563989,-34.57962262,auto,auto,conductor,masculino,32
2017-0058,1,2017,5,9,23,AV. CORDOBA Y LIBERTAD,avenida,1,-58.38403232,-34.59915940,peaton,moto,peaton,masculino,80
2017-0059,1,2017,5,11,9,BRASIL Y LIMA,calle,1,-58.38223382,-34.62693865,peaton,pasajeros,peaton,femenino,39
2017-0060,1,2017,5,13,7,AV. ESCALADA Y AV. FERNANDEZ DE LA CRUZ,avenida,8,-58.45966521,-34.67323292,moto,objeto fijo,pasajero_acompañante,masculino,30
2017-0061,1,2017,5,15,13,PARAGUAY Y AV. CALLAO ,avenida,2,-58.39303911,-34.59871111,peaton,moto,peaton,masculino,47
2017-0062,1,2017,5,15,16,AV. JUAN B JUSTO Y SAN BLAS,avenida,10,-58.51262106,-34.63395999,moto,cargas,conductor,masculino,35
2017-0063,1,2017,5,17,10,CHILE Y AV. 9 DE JULIO,avenida,1,-58.38118367,-34.61646839,peaton,pasajeros,peaton,femenino,79
2017-0064,1,2017,5,20,5,MAIPU Y PERON,calle,1,-58.37653284,-34.60582475,cargas,auto,pasajero_acompañante,masculino,61
2017-0065,1,2017,5,22,16,AV. SUAREZ Y HERRERA,avenida,4,-58.37709334,-34.64035082,bicicleta,cargas,ciclista,masculino,21
2017-0066,1,2017,5,22,18,AV. SAN MARTIN Y FRAGATA SARMIENTO,avenida,15,-58.46002142,-34.60409469,peaton,pasajeros,peaton,masculino,10
2017-0067,1,2017,5,23,2,AV. DIRECTORIO Y AV. JOSE MARIA MORENO,avenida,6,-58.43381970,-34.62801894,moto,cargas,conductor,masculino,21
2017-0068,1,2017,5,27,19,AV. TTE. FRANCISCO RABANAL 2950,avenida,8,-58.43580656,-34.66437532,moto,objeto fijo,conductor,masculino,32
2017-0069,1,2017,5,24,14,AV. GRAL. PAZ Y ULRICO SCHMIDL,avenida,9,-58.52173071,-34.65997463,moto,auto,conductor,masculino,39
2017-0070,1,2017,5,30,13,NUEVA YORK  3696,calle,11,-58.50791763,-34.59804273,peaton,auto,peaton,masculino,80
2017-0072,1,2017,6,3,23,AV. DE LOS CONSTITUYENTES Y VALLEJOS,avenida,12,-58.49175088,-34.58226957,auto,auto,conductor,masculino,25
2017-0073,1,2017,6,4,9,AV. CORRIENTES Y ECUADOR,avenida,3,-58.40781467,-34.60425669,moto,auto,conductor,masculino,19
2017-0074,1,2017,6,4,12,CASCO 133,calle,9,-58.52567073,-34.63787791,moto,auto,conductor,masculino,70
2017-0075,1,2017,6,12,22,AV. DE MAYO Y AV. 9 DE JULIO,avenida,1,-58.38154200,-34.60906385,peaton,moto,peaton,masculino,55
2017-0076,1,2017,6,13,14,AV. RAMON CASTILLO Y CALLE 12,avenida,2,-58.38526125,-34.57805810,peaton,cargas,peaton,femenino,30
2017-0077,1,2017,6,17,23,FRAY JUSTO SANTAMARIA DE ORO 1930,calle,14,-58.42934104,-34.58451712,moto,cargas,conductor,femenino,60
2017-0079,1,2017,6,19,16,MEXICO Y DEAN FUNES,calle,3,-58.40657493,-34.61781124,moto,cargas,conductor,masculino,33
2017-0080,1,2017,6,22,10,AV. JUAN B ALBERDI Y AV. ESCALADA,avenida,9,-58.49525314,-34.64487785,peaton,cargas,peaton,femenino,95
2017-0082,1,2017,6,25,22,AV. ENTRE RIOS Y AV. BRASIL,avenida,4,-58.39092851,-34.62932696,peaton,auto,peaton,masculino,36
2017-0083,1,2017,7,4,0,AV. JUAN B ALBERDI Y GUARDIA NACIONAL,avenida,9,-58.49603546,-34.64564271,moto,cargas,conductor,masculino,37
2017-0084,1,2017,7,5,12,AV. DEL LIBERTADOR Y RODRIGUEZ PEÑA,avenida,2,-58.38502878,-34.58703485,peaton,pasajeros,peaton,femenino,73
2017-0085,1,2017,7,7,14,TACUARI Y AV. MARTIN GARCIA,avenida,4,-58.37261143,-34.63150425,peaton,pasajeros,peaton,masculino,84
2017-0086,1,2017,7,9,7,AV. RIVADAVIA Y MURGUIONDO,avenida,9,-58.51876802,-34.63905965,peaton,moto,peaton,femenino,30
2017-0087,1,2017,7,10,10,24 DE NOVIEMBRE 390,calle,3,-58.41095567,-34.61516101,peaton,auto,peaton,femenino,73
2017-0088,1,2017,7,10,22,AV. PASEO COLON Y BRASIL,avenida,1,-58.36797542,-34.62519403,peaton,pasajeros,peaton,masculino,43
2017-0089,1,2017,7,13,12,MARTINIANO LEGUIZAMON 901,calle,9,-58.51514709,-34.64787051,moto,auto,conductor,masculino,23
2017-0090,1,2017,7,15,5,AV. CHIVILCOY Y COLECTORA AV. GRAL. PAZ ,avenida,11,-58.51925642,-34.59171721,peaton,auto,peaton,masculino,22
2017-0091,1,2017,7,15,13,SUPERI Y AV. GRAL. PAZ,avenida,12,-58.48671535,-34.54321216,moto,auto,conductor,masculino,58
2017-0092,1,2017,7,24,22,AU 25 DE MAYO Y AU FRONDIZI (9 DE JULIO SUR),autopista,1,-58.38268809,-34.62282019,peaton,auto,peaton,masculino,66
2017-0093,1,2017,7,25,16,"AV. LEOPOLDO LUGONES KM 7,5, ALTURA PUENTE SCALABRINI ORTIZ, SENTIDO A CENTRO PORTEÑO",autopista,13,-58.43633522,-34.54966288,peaton,auto,peaton,masculino,37
2017-0094,1,2017,7,27,8,VICTOR HUGO 2639,calle,10,-58.52640838,-34.61765855,bicicleta,cargas,ciclista,femenino,56
2017-0095,1,2017,8,6,8,AV. CORDOBA Y JERONIMO SALGUERO,avenida,14,-58.41894306,-34.59778875,moto,auto,conductor,masculino,36
2017-0096,1,2017,8,7,19,AV. CABILDO Y NUÑEZ,avenida,13,-58.46756026,-34.54972741,peaton,pasajeros,peaton,masculino,87
2017-0098,1,2017,8,8,12,JOSE BONIFACIO 2114,calle,7,-58.45715752,-34.63132912,peaton,auto,peaton,femenino,61
2017-0099,1,2017,8,17,19,AV. PTE FIGUEROA ALCORTA 5400,avenida,14,-58.42406784,-34.56213916,bicicleta,auto,ciclista,masculino,28
2017-0100,1,2017,8,21,7,VENEZUELA 2135,calle,3,-58.39674470,-34.61512051,moto,objeto fijo,pasajero_acompañante,femenino,16
2017-0101,1,2017,8,23,10,AV. FCO. LACROZE Y ZAPATA,avenida,13,-58.44537508,-34.57084818,peaton,multiple,peaton,femenino,61
2017-0102,1,2017,8,24,1,IRIARTE Y ZAVALETA,avenida,4,-58.40056767,-34.65107080,peaton,cargas,peaton,masculino,46
2017-0104,1,2017,8,25,9,AV. 9 DE JULIO Y ESTADOS UNIDOS,avenida,1,-58.38109568,-34.61853244,peaton,cargas,peaton,femenino,18
2017-0106,1,2017,8,31,19,FRAY JUSTO SANTAMARIA DE ORO Y GUEMES,calle,14,-58.42533612,-34.58035258,peaton,pasajeros,peaton,femenino,85
2017-0107,1,2017,9,1,11,AV. DEL LIBERTADOR Y JARAMILLO,avenida,13,-58.46062311,-34.54395182,moto,cargas,conductor,masculino,41
2017-0108,2,2017,9,2,4,AV. GRAL. PAZ Y MACHAIN,avenida,12,-58.49491054,-34.54795581,otros,auto,pasajero_acompañante,masculino,17
2017-0108,2,2017,9,2,4,AV. GRAL. PAZ Y MACHAIN,avenida,12,-58.49491054,-34.54795581,otros,auto,pasajero_acompañante,masculino,10
2017-0109,1,2017,9,4,21,AV. DIRECTORIO Y PORTELA,avenida,7,-58.47130269,-34.63665402,moto,auto,conductor,masculino,21
2017-0110,1,2017,9,6,14,LAVALLE Y AV. LEANDRO N ALEM,avenida,1,-58.37048800,-34.60189492,peaton,pasajeros,peaton,masculino,56
2017-0111,1,2017,9,7,18,USPALLATA Y PIROVANO,calle,4,-58.42023854,-34.64234110,peaton,cargas,peaton,femenino,79
2017-0112,2,2017,9,10,9,AU 25 DE MAYO Y AV. VARELA,autopista,7,-58.45807401,-34.63997430,auto,objeto fijo,pasajero_acompañante,masculino,1
2017-0112,2,2017,9,10,9,AU 25 DE MAYO Y AV. VARELA,autopista,7,-58.45807401,-34.63997430,auto,objeto fijo,pasajero_acompañante,masculino,37
2017-0113,1,2017,9,11,6,AV. SANTA FE Y MAIPU,avenida,1,-58.37697717,-34.59573848,peaton,pasajeros,peaton,femenino,76
2017-0114,1,2017,9,15,2,AV. ALVEAR Y AV. DEL LIBERTADOR,avenida,2,-58.39100580,-34.58498660,auto,objeto fijo,conductor,masculino,26
2017-0115,1,2017,9,19,18,AV. PAVON Y TREINTA Y TRES ORIENTALES,avenida,5,-58.42182126,-34.63089661,moto,bicicleta,conductor,masculino,34
2017-0116,1,2017,9,20,22,COLECTORA AV. GRAL. PAZ 5750,avenida,12,-58.51389422,-34.58075791,moto,objeto fijo,conductor,masculino,22
2017-0118,1,2017,9,22,7,VIEYTES Y CRUZ,avenida,4,-58.37585415,-34.65232158,moto,auto,pasajero_acompañante,femenino,26
2017-0120,1,2017,10,2,15,AU DELLEPIANE Y AV. ESCALADA,autopista,9,-58.47297505,-34.66245085,moto,cargas,conductor,masculino,20
2017-0123,1,2017,10,10,1,ALBARIÑO Y AV. ARGENTINA,avenida,8,-58.46855503,-34.67216349,peaton,auto,peaton,femenino,36
2017-0124,1,2017,10,12,14,JUAN RAMIREZ DE VELAZCO 1211,calle,15,-58.44254033,-34.59185043,moto,pasajeros,conductor,masculino,51
2017-0125,1,2017,10,13,6,AV. FERNANDEZ DE LA CRUZ Y LARRAYA,avenida,8,-58.46622247,-34.67926929,moto,objeto fijo,conductor,masculino,29
2017-0126,2,2017,10,14,6,AV. RIESTRA Y CAÑADA DE GOMEZ,avenida,8,-58.48003734,-34.68148508,auto,objeto fijo,pasajero_acompañante,masculino,39
2017-0126,2,2017,10,14,6,AV. RIESTRA Y CAÑADA DE GOMEZ,avenida,8,-58.48003734,-34.68148508,auto,objeto fijo,conductor,masculino,36
2017-0127,1,2017,10,16,7,GALLO Y AV. CORDOBA,avenida,2,-58.41192137,-34.59800248,moto,moto,pasajero_acompañante,masculino,24
2017-0128,1,2017,10,17,12,DR. JUAN F. ARANGUREN 611,calle,6,-58.44034689,-34.61349731,peaton,pasajeros,peaton,femenino,60
2017-0129,1,2017,10,26,19,AU PERITO MORENO Y AU 25 DE MAYO,autopista,9,-58.47155277,-34.64925746,moto,pasajeros,conductor,masculino,57
2017-0130,1,2017,10,27,5,CHORROARIN Y AV. SAN MARTIN,avenida,15,-58.47883099,-34.59967065,auto,cargas,conductor,masculino,23
2017-0132,1,2017,10,30,14,COSQUIN Y AV. CNEL. ROCA,avenida,8,-58.46552171,-34.69374130,moto,pasajeros,conductor,masculino,23
2017-0134,1,2017,11,6,18,AV. CNEL. ROCA 3555,avenida,8,-58.44239720,-34.66777987,peaton,pasajeros,peaton,femenino,47
2017-0135,1,2017,11,7,12,AV. WARNES Y PUNTA ARENAS,avenida,15,-58.47032551,-34.59626814,moto,cargas,conductor,masculino,24
2017-0136,1,2017,11,16,8,DEL BARCO CENTENERA Y RABANAL,avenida,4,-58.41827843,-34.65522746,peaton,pasajeros,peaton,masculino,55
2017-0137,1,2017,11,17,11,AV. GRAL. ENRIQUE MOSCONI Y SAN NICOLAS,avenida,11,-58.51280715,-34.59279388,peaton,cargas,peaton,femenino,60
2017-0138,1,2017,11,19,10,AV. LAFUENTE Y AV. EVA PERON,avenida,7,-58.46258582,-34.64385704,moto,objeto fijo,pasajero_acompañante,masculino,25
2017-0139,1,2017,11,19,22,AV. CNEL. ROCA Y AV. ESCALADA,avenida,8,-58.45064148,-34.68003614,auto,objeto fijo,pasajero_acompañante,femenino,15
2017-0140,1,2017,11,19,23,AU ARTURO FRONDIZI PKM 3100,autopista,4,.,.,moto,pasajeros,conductor,masculino,24
2017-0141,1,2017,11,23,19,AV. LA PLATA Y AV. PEDRO GOYENA,avenida,6,-58.42717783,-34.62513374,peaton,pasajeros,peaton,femenino,22
2017-0143,1,2017,11,25,21,TRELLES Y GRAL. CESAR DIAZ,calle,11,-58.46442001,-34.60724519,auto,pasajeros,conductor,masculino,50
2017-0144,1,2017,11,26,6,AV. CNEL. ROCA Y COLECTORA AV. GRAL. PAZ,avenida,8,-58.47064556,-34.69843756,auto,objeto fijo,pasajero_acompañante,femenino,50
2017-0145,1,2017,11,26,17,MAZA Y DON BOSCO,calle,5,-58.41677733,-34.61223119,moto,auto,conductor,masculino,58
2017-0147,1,2017,11,28,11,AV. GRAL. PAZ Y AV. EVA PERON,avenida,9,-58.50251790,-34.67450313,moto,auto,conductor,masculino,49
2017-0148,1,2017,11,29,10,AV. SAN JUAN Y LA RIOJA,avenida,3,-58.40708125,-34.62438894,peaton,pasajeros,peaton,femenino,82
2017-0149,1,2017,11,30,12,AV. PASEO COLON Y MEXICO,avenida,1,-58.36947198,-34.61477051,peaton,pasajeros,peaton,masculino,13
2017-0150,1,2017,12,4,1,AV. RIVADAVIA Y MIRALLA,avenida,9,-58.51140889,-34.63934531,peaton,auto,peaton,masculino,56
2017-0151,1,2017,12,4,2,VIEYTES Y LUJAN,calle,4,-58.37460912,-34.65559133,peaton,pasajeros,peaton,masculino,37
2017-0152,1,2017,12,6,17,CACHI Y TRAFUL,calle,4,-58.41146277,-34.65073916,bicicleta,pasajeros,ciclista,masculino,19
2017-0153,2,2017,12,11,2,ROSARIO Y AV. LA PLATA,avenida,6,-58.42855267,-34.61829385,moto,pasajeros,pasajero_acompañante,masculino,37
2017-0153,2,2017,12,11,2,ROSARIO Y AV. LA PLATA,avenida,6,-58.42855267,-34.61829385,moto,pasajeros,conductor,masculino,30
2017-0154,1,2017,12,11,9,AV. ENTRE RIOS Y AV. CASEROS ,avenida,4,-58.39035581,-34.63412287,peaton,pasajeros,peaton,masculino,76
2017-0155,1,2017,12,12,21,AV. RIVADAVIA 6350,avenida,7,-58.45593915,-34.62656868,moto,moto,conductor,masculino,77
2017-0157,1,2017,12,17,9,AV. GRAL. PAZ Y HUMAITA,avenida,9,-58.52866211,-34.64597065,auto,pasajeros,conductor,masculino,53
2017-0158,1,2017,12,18,21,GUALEGUAYCHU Y COLECTORA AV. GRAL PAZ,avenida,11,-58.52037476,-34.59407024,moto,auto,conductor,masculino,32
2017-0159,1,2017,12,20,4,AV. INDEPENDENCIA Y VIRREY CEVALLOS,avenida,1,-58.38896772,-34.61799615,moto,auto,conductor,masculino,27
2017-0160,1,2017,12,22,13,AV. NAZCA 365,avenida,7,-58.47074114,-34.62771756,peaton,moto,peaton,femenino,30
2017-0161,1,2017,12,26,15,AV. EVA PERON 5249,avenida,9,-58.48200819,-34.65969965,peaton,auto,peaton,femenino,30
2018-0001,1,2018,1,1,22,San Juan Av. Y Rincón,avenida,3,-58.39536773,-34.62297346,peaton,moto,peaton,masculino,83
2018-0002,1,2018,1,3,16,Peru 937,calle,1,-58.37456088,-34.61895467,bicicleta,pasajeros,ciclista,femenino,26
2018-0003,1,2018,1,5,10,"Pueyrredon, Honorio, Dr. Av. y Galicia",avenida,15,-58.44860217,-34.60395657,peaton,multiple,peaton,femenino,58
2018-0004,1,2018,1,9,9,Del Libertador Av. y Manzanares,avenida,13,-58.46129513,-34.54332766,moto,multiple,conductor,masculino,39
2018-0005,1,2018,1,9,22,Paseo Colon Av. 1019,avenida,1,-58.36907201,-34.61953517,peaton,pasajeros,peaton,masculino,54
2018-0006,1,2018,1,10,21,Valle y Barco Centenera Del,calle,6,-58.44062219,-34.62499107,bicicleta,pasajeros,ciclista,femenino,45
2018-0007,1,2018,1,11,2,AU Perito Moreno  KM 0.6,autopista,9,-58.52502765,-34.63601265,auto,auto,conductor,masculino,46
2018-0008,1,2018,1,12,17,"Huergo, Ing. Av. e Independencia Av.",avenida,1,-58.36659655,-34.61687778,moto,cargas,conductor,femenino,32
2018-0009,1,2018,1,14,2,"Pilcomayo y Brown, Alte. Av.",avenida,4,-58.36737389,-34.62763661,moto,moto,conductor,masculino,19
2018-0010,1,2018,1,18,5,"Cervantes y Belaustegui, Luis, Dr.",calle,10,-58.49807953,-34.63038658,moto,cargas,conductor,masculino,40
2018-0011,1,2018,1,19,10,Callao y Vte. Lopez,avenida,2,-58.39092703,-34.59088447,peaton,pasajeros,peaton,masculino,84
2018-0012,1,2018,1,26,13,"Oliden y Chilavert, Martiniano, Coronel",calle,8,-58.46912006,-34.68049201,moto,pasajeros,conductor,masculino,20
2018-0013,1,2018,1,28,8,Congreso Av. y Galvan,avenida,12,-58.48661286,-34.56786129,moto,auto,conductor,masculino,44
2018-0014,1,2018,1,31,20,"Moreno, Perito Av. y Rivera Indarte",avenida,7,-58.44074927,-34.65080597,peaton,moto,peaton,masculino,37
2018-0015,2,2018,2,6,1,Australia Av. 2800,avenida,4,-58.38636298,-34.64684275,moto,pasajeros,conductor,masculino,28
2018-0015,2,2018,2,6,1,Australia Av. 2800,avenida,4,-58.38636298,-34.64684275,moto,pasajeros,pasajero_acompañante,masculino,19
2018-0016,1,2018,2,15,10,"Del Libertador Av. y Ramos Mejia, Jose Maria, Dr. Av.",avenida,1,-58.37533517,-34.59276462,moto,cargas,conductor,masculino,31
2018-0017,1,2018,2,17,4,San Pedrito Av. y Rivadavia Av.,avenida,7,-58.46963952,-34.63070603,peaton,auto,peaton,masculino,35
2018-0018,1,2018,2,17,7,"Isabel La Catolica y Salvadores, Cnel.",calle,4,-58.37207554,-34.64543658,moto,cargas,conductor,masculino,26
2018-0019,1,2018,2,17,12,Las Heras General Av. y Callao Av.,avenida,2,-58.39189441,-34.59176378,peaton,pasajeros,peaton,femenino,80
2018-0020,1,2018,2,19,22,Fernandez de la Cruz Subida AU Héctor J. Cámpora,autopista,8,-58.45012957,-34.66518343,moto,cargas,conductor,masculino,26
2018-0021,1,2018,2,22,10,AMANCIO ALCORTA Y ZAVALETA,avenida,4,-58.40184094,-34.64546845,peaton,pasajeros,peaton,femenino,62
2018-0022,1,2018,2,24,0,"Montes De Oca, Manuel y Olavarria",avenida,4,-58.37441153,-34.63966783,moto,cargas,conductor,masculino,28
2018-0023,1,2018,2,24,6,Barco Centenera Del y Rosario,calle,6,-58.44110156,-34.62082399,moto,auto,conductor,masculino,28
2018-0024,1,2018,2,28,23,Alvarez Thomas Av. y Donado,avenida,15,-58.47087351,-34.57827342,peaton,cargas,peaton,masculino,70
2018-0025,1,2018,3,4,22,Av. Avellaneda y Av. Boyacá,avenida,7,-58.45962210,-34.62245140,peaton,auto,peaton,masculino,70
2018-0026,2,2018,3,9,4,"Rabanal, Francisco, Intendente Av. y Saenz Av.",avenida,4,-58.41657793,-34.65476216,otros,cargas,conductor,masculino,24
2018-0026,2,2018,3,9,4,"Rabanal, Francisco, Intendente Av. y Saenz Av.",avenida,4,-58.41657793,-34.65476216,otros,cargas,pasajero_acompañante,masculino,30
2018-0027,1,2018,3,11,23,Castro y Rondeau,calle,5,-58.41911301,-34.63722107,peaton,moto,peaton,femenino,74
2018-0028,1,2018,3,13,15,"Bilbao, Francisco Av. y Azul",avenida,9,-58.47120586,-34.64251042,peaton,cargas,peaton,masculino,71
2018-0029,1,2018,3,15,18,Nazca Av. y Gaona Av.,avenida,11,-58.47418944,-34.62049672,moto,auto,conductor,masculino,26
2018-0030,1,2018,3,20,1,Plaza y Alvarez Thomas Av.,avenida,15,-58.46720441,-34.57905579,moto,moto,conductor,masculino,24
2018-0031,1,2018,3,28,10,"Gaona Av. y Artigas, Jose Gervasio, Gral.",avenida,11,-58.46909362,-34.61779710,moto,cargas,conductor,masculino,31
2018-0032,1,2018,4,2,13,Cabildo Av. y Aguilar,avenida,13,-58.44704343,-34.56888640,peaton,pasajeros,peaton,masculino,70
2018-0033,1,2018,4,7,7,Camarones y Lope De Vega Av.,avenida,10,-58.50535541,-34.62902048,moto,cargas,conductor,femenino,42
2018-0034,1,2018,4,11,18,Santa Fe Av. 2320,avenida,2,-58.40021675,-34.59522198,peaton,pasajeros,peaton,masculino,24
2018-0035,1,2018,4,12,16,Av. Rivadavia 6950,avenida,7,-58.46325991,-34.62919627,peaton,pasajeros,peaton,femenino,39
2018-0036,1,2018,4,13,23,Av. San Martín y Argerich,avenida,15,-58.49471482,-34.59694755,moto,auto,conductor,masculino,37
2018-0037,1,2018,4,18,18,"Cordoba Av. y Uriburu Jose E., Pres.",avenida,2,-58.39872610,-34.59975962,peaton,cargas,peaton,masculino,84
2018-0038,2,2018,4,20,17,AV. RIVADAVIA 1571,avenida,1,-58.38872177,-34.60885045,peaton,auto,peaton,femenino,59
2018-0038,2,2018,4,20,17,AV. RIVADAVIA 1571,avenida,1,-58.38872177,-34.60885045,peaton,auto,peaton,masculino,61
2018-0039,1,2018,4,21,22,AUTOPISTA LUGONES KM 4.7,autopista,14,.,.,peaton,auto,peaton,masculino,37
2018-0040,1,2018,4,27,11,Ramon Freire y Virrey Olaguer y Feliu,calle,13,-58.45686132,-34.57305993,peaton,cargas,peaton,femenino,37
2018-0041,1,2018,4,27,13,"La Plata Av. y Fernandez De La Cruz, F., Gral. Av.",avenida,4,-58.42281627,-34.64282424,peaton,pasajeros,peaton,femenino,78
2018-0042,1,2018,4,27,18,BRANDSEN y PERDRIEL,calle,4,-58.38666024,-34.63953396,moto,cargas,pasajero_acompañante,masculino,23
2018-0043,1,2018,4,28,6,"Vilardebo, Teodoro y Alvarez Jonte Av.",avenida,11,-58.49122843,-34.61207587,moto,auto,conductor,masculino,25
2018-0044,1,2018,4,28,9,Alberti e Independencia Av.,avenida,3,-58.40098306,-34.61866627,peaton,auto,peaton,femenino,50
2018-0045,1,2018,4,30,7,Alvarez Thomas Av. 879,avenida,13,-58.45448963,-34.57916920,auto,cargas,conductor,masculino,60
2018-0046,1,2018,5,2,3,Av. Gral. Paz y Av. Rivadavia,avenida,9,-58.52927982,-34.63931752,peaton,auto,peaton,masculino,11
2018-0047,1,2018,5,8,19,Av. Corrientes y Av. Dorrego,avenida,15,-58.44759966,-34.59170240,peaton,pasajeros,peaton,masculino,82
2018-0048,1,2018,5,9,10,Rivadavia Av. y Pedernera,avenida,7,-58.46411215,-34.62925068,peaton,pasajeros,peaton,masculino,57
2018-0049,1,2018,5,11,19,Quesada 2300,calle,13,-58.46213220,-34.55395823,peaton,auto,peaton,femenino,40
2018-0050,1,2018,5,14,18,Cabildo Av. y Juramento Av.,avenida,13,-58.45669422,-34.56203610,peaton,pasajeros,peaton,femenino,47
2018-0051,1,2018,5,15,21,"California y Carbonari, Francisco, Cmte.",calle,4,-58.35977160,-34.64341878,peaton,auto,peaton,femenino,57
2018-0052,1,2018,5,18,20,"Carril, Salvador Maria Del Av. y Nazca",avenida,15,-58.49820145,-34.59070093,peaton,pasajeros,peaton,masculino,78
2018-0053,1,2018,5,20,2,San Luis y Aguero,calle,3,-58.41059280,-34.59939180,moto,auto,conductor,masculino,43
2018-0054,1,2018,5,22,11,Lugones 2430,calle,12,-58.47969138,-34.57121563,peaton,bicicleta,peaton,femenino,86
2018-0055,1,2018,5,29,7,Independencia Av. y Jujuy Av.,avenida,3,-58.40351561,-34.61883916,moto,auto,conductor,masculino,21
2018-0056,1,2018,6,2,13,Av. Rivadavia 11050,avenida,9,-58.51973844,-34.63918987,peaton,pasajeros,peaton,femenino,69
2018-0057,1,2018,6,3,3,Combate De Los Pozos y Humberto 1°,calle,3,-58.39311376,-34.62163006,moto,pasajeros,conductor,masculino,33
2018-0058,1,2018,6,3,6,Cordoba Av. y Thames,avenida,15,-58.43531242,-34.59082159,moto,auto,conductor,masculino,26
2018-0059,1,2018,6,8,6,"Garay, Juan De Av. y Sanchez De Loria",avenida,5,-58.41178165,-34.63035454,moto,otros,conductor,masculino,54
2018-0060,1,2018,6,8,12,"Lavalle y Alem, Leandro N. Av.",avenida,1,-58.37048800,-34.60189492,peaton,pasajeros,peaton,masculino,51
2018-0061,1,2018,6,10,11,Estados Unidos y Pichincha,calle,3,-58.39883882,-34.61964833,moto,moto,conductor,masculino,51
2018-0062,1,2018,6,14,1,Rosario y Barco Centenera Del,calle,6,-58.44110156,-34.62082399,peaton,cargas,peaton,masculino,32
2018-0063,1,2018,6,16,21,Av. Leandro N. Alem y Viamonte,avenida,1,-58.37093138,-34.59952725,peaton,pasajeros,peaton,femenino,28
2018-0064,1,2018,6,25,1,Varela Av. y Primera Junta,avenida,7,-58.45855262,-34.63953253,auto,cargas,conductor,masculino,30
2018-0065,1,2018,6,26,17,"Pellegrini, Carlos y Juncal",calle,1,-58.38161909,-34.59283447,moto,cargas,conductor,masculino,35
2018-0066,1,2018,6,28,11,Av. Corrientes y Av. Federico Lacroze,avenida,15,-58.45511899,-34.58698157,peaton,pasajeros,peaton,masculino,73
2018-0067,1,2018,6,29,16,"Montes De Oca, Manuel y Finochietto Enrique Dr.",avenida,4,-58.37724226,-34.62973033,pasajeros,auto,pasajero_acompañante,femenino,81
2018-0068,1,2018,7,1,9,"Carabobo Av. y Alberdi, Juan Bautista Av.",avenida,7,-58.45546217,-34.62930339,moto,auto,conductor,masculino,21
2018-0069,1,2018,7,4,21,"Córdoba Av. 2215

",avenida,2,-58.39897064,-34.59954925,bicicleta,pasajeros,ciclista,masculino,20
2018-0070,1,2018,7,7,15,"Estados Unidos y Urquiza, Gral.",calle,3,-58.40917826,-34.62126274,moto,pasajeros,conductor,masculino,33
2018-0071,1,2018,7,10,17,Moreno y Av. Huergo,avenida,1,-58.36726348,-34.61099738,moto,cargas,conductor,masculino,37
2018-0072,1,2018,7,11,13,"AU Dellepiane kilometro 0.0, altura calle Montiel, sentido hacia el Centro Porteño",autopista,8,-58.48267426,-34.68454456,moto,cargas,conductor,masculino,27
2018-0073,1,2018,7,11,15,"Iriarte, Gral. Av. 3400",avenida,4,-58.39546165,-34.65168841,peaton,cargas,peaton,femenino,67
2018-0074,1,2018,7,14,6,AV. JUAN B. ALBERDI 2968,avenida,7,-58.46941984,-34.63376545,auto,cargas,conductor,masculino,25
2018-0075,1,2018,7,15,7,Del Libertador Av. y Ortiz De Ocampo,avenida,14,-58.40367321,-34.58129246,peaton,auto,peaton,masculino,23
2018-0076,1,2018,7,16,9,"Chavez, Jorge y Paz, Gral. Av.",calle,9,-58.52932872,-34.65014993,auto,cargas,conductor,masculino,73
2018-0077,1,2018,7,16,23,"Urquiza, Gral. y Estados Unidos",calle,3,-58.40917826,-34.62126274,auto,cargas,conductor,masculino,58
2018-0078,1,2018,7,21,6,Paraguay y Sánchez De Bustamante,calle,2,-58.41264127,-34.59473294,peaton,auto,peaton,masculino,27
2018-0079,1,2018,7,23,7,"De Los Corrales Av. y Paz, Gral. Av.",avenida,9,-58.50877521,-34.66977709,peaton,cargas,peaton,masculino,37
2018-0080,1,2018,7,25,22,"Alberdi, Juan Bautista Av. y Carhue",avenida,9,-58.51232237,-34.65903530,peaton,auto,peaton,masculino,26
2018-0081,1,2018,7,29,6,Castañares Av. y Rivera Indarte Av.,avenida,7,-58.44744156,-34.64567171,peaton,multiple,peaton,masculino,35
2018-0082,1,2018,8,1,15,"Larrazabal y Garzon, Eugenio, Gral. Av.",avenida,9,-58.49441273,-34.65869968,moto,cargas,conductor,femenino,17
2018-0083,1,2018,8,2,5,"Paz, Gral. Av. y Fernandez De La Cruz, F., Gral. Av.",avenida,8,-58.47976785,-34.69153196,moto,cargas,conductor,masculino,37
2018-0084,1,2018,8,3,7,Av. Alicia Moreau de Justo y Cochabamba,avenida,1,-58.36523349,-34.62260331,peaton,cargas,peaton,masculino,45
2018-0085,2,2018,8,3,18,"Entre Rios Av. y Garay, Juan De Av.",avenida,3,-58.39118948,-34.62704273,moto,pasajeros,pasajero_acompañante,femenino,22
2018-0085,2,2018,8,3,18,"Entre Rios Av. y Garay, Juan De Av.",avenida,3,-58.39118948,-34.62704273,moto,pasajeros,conductor,masculino,30
2018-0086,1,2018,8,10,21,Directorio Av. y Guardia Nacional,avenida,9,-58.49019551,-34.65015854,peaton,pasajeros,peaton,masculino,40
2018-0087,1,2018,8,15,19,Pavon Av. Y Colombres,avenida,5,-58.41644362,-34.63023775,peaton,pasajeros,peaton,masculino,75
2018-0088,1,2018,8,17,16,Av. Gral. Paz y Av. Dr. Ricardo Balbín,avenida,12,-58.50073810,-34.54979510,moto,cargas,conductor,masculino,37
2018-0089,1,2018,8,17,17,Pichincha Av. y Brasil,avenida,4,-58.39626094,-34.63036565,peaton,pasajeros,peaton,masculino,80
2018-0090,1,2018,8,18,10,27 De Febrero Av. y Pergamino,avenida,8,-58.43284809,-34.67051543,moto,auto,conductor,masculino,27
2018-0091,1,2018,8,19,18,AU Perito Moreno KM 1.8 ALTURA BARRAGAN SENTIDO PBA,autopista,9,-58.52280139,-34.63659934,auto,auto,pasajero_acompañante,femenino,23
2018-0092,1,2018,8,20,8,Cordoba Av. y Gascon,avenida,14,-58.42336930,-34.59774487,moto,auto,conductor,masculino,23
2018-0093,1,2018,8,20,8,15 De Noviembre De 1889 1513,calle,1,-58.38691681,-34.63105973,peaton,pasajeros,peaton,masculino,24
2018-0094,1,2018,8,23,5,"Salguero, Jeronimo y Beruti",calle,14,-58.41169020,-34.58579880,moto,pasajeros,conductor,masculino,32
2018-0095,1,2018,8,26,0,"Lacarra Av. y Dellepiane, Luis, Tte. Gral.",avenida,9,-58.46739825,-34.65117757,auto,auto,pasajero_acompañante,femenino,49
2018-0096,1,2018,8,31,22,"AU Héctor J. Cámpora y Roca, Cnel. Av.",autopista,8,-58.44483258,-34.67152226,peaton,auto,peaton,masculino,39
2018-0097,1,2018,9,2,10,Av. Varela y Av. Int. Francisco Rabanal,avenida,8,-58.43254025,-34.66128115,auto,otros,conductor,femenino,35
2018-0098,2,2018,9,9,5,Av. Gral. Paz e/ Ferre y Beron de Astrada,avenida,8,-58.47199387,-34.69640164,auto,auto,conductor,masculino,55
2018-0098,2,2018,9,9,5,Av. Gral. Paz e/ Ferre y Beron de Astrada,avenida,8,-58.47199387,-34.69640164,auto,auto,pasajero_acompañante,masculino,54
2018-0099,1,2018,9,12,14,Rivadavia Av. y Pedernera,avenida,7,-58.46411215,-34.62925068,peaton,pasajeros,peaton,masculino,18
2018-0100,1,2018,9,20,10,Elvira Rawson de Dellepiane 150,avenida,1,-58.36217754,-34.62367156,moto,auto,conductor,femenino,33
2018-0101,1,2018,9,21,0,"Paz, Gral. Av. y Zapiola",avenida,12,-58.48098594,-34.54073130,auto,multiple,conductor,masculino,37
2018-0102,1,2018,9,21,0,FAMATINA Y DIOGENES TABORDA,calle,4,-58.41083404,-34.64640709,moto,auto,conductor,masculino,20
2018-0103,1,2018,9,27,17,Av. Castañares y Bonorino,avenida,7,-58.44609828,-34.64446729,peaton,moto,peaton,masculino,1
2018-0104,1,2018,10,1,8,AU Frondizi 9 de Julio Sur y Av. Suarez,autopista,4,-58.37709334,-34.64035082,moto,moto,conductor,masculino,22
2018-0105,1,2018,10,3,18,Nazca Av. y Rivadavia Av.,avenida,7,-58.46963952,-34.63070603,peaton,pasajeros,peaton,femenino,56
2018-0106,1,2018,10,4,22,"Figueroa Alcorta, Pres. Av. y Echeverria",avenida,13,-58.43674281,-34.55161027,moto,moto,conductor,masculino,27
2018-0107,1,2018,10,6,14,Rivadavia Av. y Jujuy Av.,avenida,3,-58.40596860,-34.61011987,peaton,pasajeros,peaton,femenino,62
2018-0108,1,2018,10,9,14,"De Los Italianos Av. y Guemes, Macacha",avenida,1,-58.36154069,-34.60463618,moto,auto,conductor,masculino,37
2018-0109,1,2018,10,10,22,"Tucuman y Alem, Leandro N. Av.",avenida,1,-58.37062179,-34.60066507,peaton,pasajeros,peaton,masculino,34
2018-0110,1,2018,10,13,3,"Corrientes Av. y Gallardo, Angel Av.",avenida,15,-58.43220014,-34.60207186,peaton,moto,peaton,masculino,60
2018-0111,1,2018,10,19,12,AU Perito Moreno y Av. Eva Perón SENTIDO CENTRO,autopista,9,-58.46958442,-34.64949724,moto,cargas,conductor,masculino,28
2018-0112,1,2018,10,24,9,Muñecas y Serrano,calle,15,-58.44671397,-34.59970903,moto,cargas,conductor,femenino,28
2018-0113,1,2018,10,25,11,"Artigas, Jose Gervasio, Gral. y Tres Arroyos",calle,11,-58.47152163,-34.61474911,moto,cargas,conductor,masculino,20
2018-0114,1,2018,10,30,2,Solis e Independencia Av.,avenida,1,-58.39032921,-34.61807951,moto,auto,conductor,masculino,23
2018-0115,1,2018,10,31,12,"Bosch, Ventura y Paz, Gral. Av.",calle,9,-58.52887773,-34.64297861,peaton,pasajeros,peaton,masculino,42
2018-0116,1,2018,11,1,10,"Paz, Gral. Av. 14800",avenida,8,-58.49371157,-34.67981324,peaton,cargas,peaton,masculino,48
2018-0117,1,2018,11,4,8,Av. Eva Perón 5321,avenida,9,-58.48266599,-34.66012327,moto,moto,conductor,masculino,30
2018-0118,1,2018,11,5,14,"Peron, Juan Domingo, Tte. General y Pueyrredon Av.",avenida,3,-58.40612253,-34.60774301,peaton,moto,peaton,femenino,80
2018-0119,1,2018,11,5,22,Rabanal y San Pedrito,avenida,8,-58.43613623,-34.66292532,peaton,auto,peaton,femenino,32
2018-0120,1,2018,11,9,13,Monroe y Alvarez Thomas Av.,avenida,12,-58.48250732,-34.57208238,peaton,auto,peaton,femenino,51
2018-0121,1,2018,11,9,16,Rivadavia Av. y Manzoni,avenida,10,-58.49945705,-34.63743280,peaton,pasajeros,peaton,femenino,72
2018-0122,1,2018,11,12,1,AU Dellepiane Luis Tte. Gral. y Larrazabal,autopista,8,-58.47743966,-34.67233407,auto,auto,conductor,masculino,33
2018-0123,1,2018,11,12,3,"Paz, Gral. Av. y Peron, Eva Av.",avenida,9,-58.50251790,-34.67450313,auto,auto,conductor,masculino,25
2018-0124,1,2018,11,15,19,AU Perito Moreno y Reservistas Argentinos,autopista,9,-58.52144411,-34.63682499,cargas,cargas,conductor,masculino,44
2018-0125,1,2018,11,16,21,Saenz Av. y Ventana,avenida,4,-58.41650465,-34.65084045,peaton,pasajeros,peaton,masculino,29
2018-0126,1,2018,11,18,12,Avda. General Paz y Cnel. Ramón Falcón,avenida,9,-58.52994219,-34.64055918,moto,auto,conductor,masculino,27
2018-0127,1,2018,11,19,9,Av. Gral. Paz y Av. de los Constituyentes,avenida,12,-58.50993046,-34.56919739,moto,moto,conductor,masculino,29
2018-0128,2,2018,11,25,4,"Paz, Gral. Av. 11200",avenida,9,-58.52844623,-34.64592873,auto,pasajeros,pasajero_acompañante,masculino,49
2018-0128,2,2018,11,25,4,"Paz, Gral. Av. 11200",avenida,9,-58.52844623,-34.64592873,auto,pasajeros,pasajero_acompañante,femenino,39
2018-0129,1,2018,11,28,4,"Newbery, Jorge Av. y Guevara",avenida,15,-58.45021367,-34.58695347,moto,pasajeros,conductor,masculino,37
2018-0130,1,2018,12,3,3,Gaona Av. y Segurola Av.,avenida,10,-58.49022072,-34.62770192,moto,pasajeros,conductor,masculino,37
2018-0131,1,2018,12,7,19,"Madero, Eduardo Av. 550",avenida,1,-58.36860866,-34.60106568,moto,cargas,conductor,masculino,29
2018-0132,1,2018,12,12,8,"AU Arturo Illia y Castillo, Ramon S.",autopista,2,-58.39490504,-34.57241534,peaton,cargas,peaton,masculino,70
2018-0133,1,2018,12,12,14,Nazca Av. y Rivadavia Av.,avenida,7,-58.46963952,-34.63070603,peaton,cargas,peaton,femenino,60
2018-0134,1,2018,12,12,21,La Plata Av. y Caseros Av.,avenida,7,-58.42349365,-34.64019887,peaton,moto,peaton,masculino,56
2018-0135,1,2018,12,18,14,Belgrano Av. y Peru,avenida,1,-58.37471802,-34.61265002,peaton,pasajeros,peaton,masculino,80
2018-0136,1,2018,12,18,15,Rivadavia Av. 7013,avenida,7,-58.46438789,-34.62913916,peaton,pasajeros,peaton,femenino,70
2018-0137,1,2018,12,18,20,Adolfo Alsina y Santiago del Estero,calle,1,-58.38481975,-34.61100424,moto,pasajeros,pasajero_acompañante,masculino,29
2018-0138,1,2018,12,21,9,Bermudez 1893,calle,10,-58.50751833,-34.62073702,pasajeros,pasajeros,pasajero_acompañante,femenino,79
2018-0139,1,2018,12,22,6,Santander 1974,calle,7,-58.44682986,-34.63888084,moto,moto,pasajero_acompañante,masculino,28
2018-0140,1,2018,12,22,8,Julieta Lanteri 1400,calle,1,-58.36004650,-34.61381341,auto,auto,conductor,masculino,78
2018-0141,1,2018,12,22,17,Maza y Av. Independencia,avenida,5,-58.41509546,-34.62085945,peaton,moto,peaton,masculino,75
2018-0142,1,2018,12,25,13,"PAZ, GRAL. AV. 5172",avenida,12,-58.50997604,-34.57251072,cargas,pasajeros,pasajero_acompañante,masculino,32
2018-0143,1,2018,12,29,5,"Olivera Av. y Alberdi, Juan Bautista Av.",avenida,10,-58.48606475,-34.64047818,moto,auto,conductor,masculino,22
2019-0001,1,2019,1,8,8,"CASTILLO, RAMON S., PRES. AV. Y CALLE 12",avenida,2,-58.38526125,-34.57805810,moto,cargas,conductor,masculino,25
2019-0002,1,2019,1,9,4,"CASTAÑARES AV. Y MORENO, PERITO AV.",avenida,7,-58.45463662,-34.65082149,auto,cargas,conductor,masculino,32
2019-0003,1,2019,1,12,8,SAN MARTIN AV. Y TERRADA,avenida,15,-58.49121672,-34.59718073,moto,auto,conductor,masculino,23
2019-0004,1,2019,1,14,19,"PERON, EVA AV. Y MEDINA",avenida,9,-58.47325712,-34.65284605,auto,pasajeros,conductor,masculino,71
2019-0005,1,2019,1,19,12,"JUSTO, JUAN B. AV. Y ALVAREZ JONTE AV.",avenida,10,-58.52108101,-34.63382309,moto,cargas,conductor,masculino,43
2019-0006,1,2019,1,23,5,"OBLIGADO RAFAEL, AV. COSTANERA 4650",avenida,14,-58.41652702,-34.55509606,peaton,auto,peaton,femenino,12
2019-0007,1,2019,1,26,19,"MITRE, BARTOLOME Y YATAY",calle,5,-58.42891604,-34.61071660,moto,auto,conductor,masculino,35
2019-0008,1,2019,1,30,22,"PAZ, GRAL. AV. 16080",avenida,8,-58.47802293,-34.69156793,moto,multiple,conductor,masculino,42
2019-0009,1,2019,1,31,14,CHACABUCO Y SAN JUAN AV.,avenida,1,-58.37564821,-34.62200207,moto,auto,conductor,masculino,34
2019-0010,2,2019,2,2,7,DEL LIBERTADOR AV. 4100,avenida,14,-58.42668489,-34.56961468,peaton,auto,peaton,masculino,37
2019-0010,2,2019,2,2,7,DEL LIBERTADOR AV. 4100,avenida,14,-58.42668489,-34.56961468,peaton,auto,peaton,masculino,59
2019-0011,1,2019,2,10,1,"PAZ, GRAL. AV. Y ALBERDI, JUAN BAUTISTA AV.",avenida,9,-58.51839930,-34.66252488,peaton,auto,peaton,masculino,37
2019-0012,1,2019,2,17,3,"CASTAÑARES AV. Y GORDILLO, TIMOTEO",avenida,8,-58.48432691,-34.67665828,moto,auto,conductor,masculino,31
2019-0013,1,2019,2,20,7,SALVIGNY Y MOM,calle,7,-58.43383830,-34.64457699,peaton,auto,peaton,masculino,39
2019-0014,1,2019,2,20,17,"LAMARCA, EMILIO 5402",calle,11,-58.51664939,-34.58657938,moto,objeto fijo,conductor,masculino,69
2019-0015,1,2019,2,23,6,SAN MARTIN AV. 5638,avenida,11,-58.49613012,-34.59703502,auto,objeto fijo,conductor,masculino,21
2019-0016,1,2019,2,24,2,"CARRILLO, RAMON, DR. Y FINOCHIETTO ENRIQUE DR.",calle,4,-58.38313603,-34.63356284,moto,pasajeros,conductor,masculino,40
2019-0017,1,2019,3,3,7,MEXICO Y PICHINCHA,calle,3,-58.39914719,-34.61632317,auto,pasajeros,conductor,masculino,22
2019-0018,1,2019,3,3,23,"CANTILO, INT. Y UDAONDO, GUILLERMO AV.",autopista,13,-58.44927253,-34.54048625,peaton,auto,peaton,femenino,29
2019-0019,1,2019,3,6,12,DEL LIBERTADOR AV. 6326,avenida,13,-58.45049163,-34.55374003,moto,auto,conductor,masculino,37
2019-0020,1,2019,3,7,21,CHICLANA AV. 3444,avenida,5,-58.41288952,-34.63572989,moto,auto,conductor,masculino,43
2019-0021,1,2019,3,15,22,BOYACA AV. Y YERBAL,avenida,7,-58.45743597,-34.62561234,moto,auto,conductor,masculino,23
2019-0022,1,2019,3,15,0,ENTRE RIOS AV. BAJO PUENTE AUTOPISTA (1260 APROX),avenida,1,-58.39123782,-34.62352245,auto,auto,pasajero_acompañante,masculino,37
2019-0023,1,2019,3,16,8,"PAZ, GRAL. AV. Y JACQUES, AMADEO",avenida,9,-58.52922765,-34.63637963,auto,objeto fijo,conductor,masculino,34
2019-0024,1,2019,3,19,7,ANTARTIDA ARGENTINA AV. 1325,avenida,1,-58.37208118,-34.58541957,moto,cargas,conductor,masculino,32
2019-0025,1,2019,3,22,13,"MITRE, BARTOLOME Y SANCHEZ DE BUSTAMANTE",calle,5,-58.41458534,-34.60937557,peaton,auto,peaton,masculino,27
2019-0026,1,2019,3,28,7,"FERNANDEZ DE LA CRUZ, F. , GRAL. AV. Y LARRAZABAL",avenida,8,-58.47976785,-34.69153196,peaton,pasajeros,peaton,masculino,37
2019-0027,1,2019,3,28,11,SANTA FE AV. Y AZCUENAGA,avenida,2,-58.39990285,-34.59511714,bicicleta,multiple,ciclista,masculino,37
2019-0028,1,2019,4,6,9,"JUSTO, JUAN B. AV. y OROÑO, NICASIO",avenida,11,-58.46051346,-34.60588536,peaton,pasajeros,peaton,femenino,37
2019-0029,1,2019,4,7,10,"FERNANDEZ DE LA CRUZ, F. , GRAL. AV. Y LACARRA AV.",avenida,8,-58.47976785,-34.69153196,moto,objeto fijo,conductor,masculino,27
2019-0030,1,2019,4,9,16,"ALVAREZ, DONATO, TTE. GRAL. Y YERBAL",calle,7,-58.45457546,-34.62447891,moto,cargas,conductor,masculino,25
2019-0031,1,2019,4,12,19,"CORDOBA AV. Y MADERO, EDUARDO AV.",avenida,1,-58.36951669,-34.59832047,bicicleta,cargas,ciclista,masculino,20
2019-0032,1,2019,4,16,11,"CAMARONES Y ALVAREZ, DONATO, TTE. GRAL. AV.",avenida,11,-58.46415322,-34.60443790,peaton,auto,peaton,femenino,83
2019-0033,1,2019,4,18,1,"AUTOPISTA 25 DE MAYO Y HUERGO, ING. AV.",autopista,1,-58.36607137,-34.62150748,moto,auto,conductor,masculino,25
2019-0034,1,2019,4,21,9,"MORENO, PERITO AV. 3050",avenida,7,-58.45537373,-34.65093074,moto,objeto fijo,conductor,masculino,37
2019-0035,1,2019,4,23,14,SUIPACHA 665,calle,1,-58.37942637,-34.60053054,peaton,bicicleta,peaton,femenino,75
2019-0036,1,2019,4,26,22,RIGLOS Y FORMOSA,calle,6,-58.43680440,-34.62147504,moto,auto,conductor,masculino,34
2019-0037,1,2019,5,1,23,LA RIOJA E INDEPENDENCIA AV.,avenida,3,-58.40778291,-34.61971907,moto,auto,conductor,masculino,17
2019-0038,1,2019,5,4,14,"UDAONDO, GUILLERMO AV. Y FIGUEROA ALCORTA, PRES. AV.",avenida,13,-58.45212523,-34.54628513,peaton,moto,peaton,femenino,42
2019-0039,1,2019,5,9,3,SAN PEDRITO AV. Y DIRECTORIO AV.,avenida,7,-58.46749188,-34.63551751,moto,auto,conductor,masculino,28
2019-0040,1,2019,5,9,12,PUAN Y SANTANDER,calle,7,-58.44263580,-34.63679732,moto,auto,conductor,masculino,44
2019-0041,1,2019,5,11,20,"ALBERDI, JUAN BAUTISTA AV. Y ANDALGALA",avenida,9,-58.51140289,-34.65846419,auto,multiple,pasajero_acompañante,femenino,78
2019-0042,1,2019,5,14,15,LIMA Y CONSTITUCION,calle,1,-58.38211431,-34.62465368,peaton,pasajeros,peaton,masculino,39
2019-0043,1,2019,5,21,9,"CORDOBA AV. Y MADERO, EDUARDO AV.",avenida,1,-58.36951669,-34.59832047,bicicleta,cargas,ciclista,femenino,37
2019-0044,1,2019,5,27,12,BOEDO AV. 650,avenida,5,-58.41635217,-34.62036547,peaton,moto,peaton,femenino,77
2019-0045,1,2019,6,3,7,DEL LIBERTADOR AV. Y REPUBLICA DE LA INDIA,avenida,14,-58.41316147,-34.57579669,moto,cargas,conductor,masculino,33
2019-0046,1,2019,6,4,9,GRAL PAZ Y CABILDO,avenida,13,-58.47617802,-34.53825652,moto,auto,pasajero_acompañante,femenino,26
2019-0047,1,2019,6,6,10,CASEROS AV. 1700,avenida,4,-58.38641783,-34.63330028,peaton,cargas,peaton,masculino,76
2019-0048,1,2019,6,7,7,AVELLANEDA AV. 1548,avenida,6,-58.45322169,-34.62038137,moto,cargas,conductor,masculino,32
2019-0049,1,2019,6,8,9,CIUDAD DE LA PAZ Y MENDOZA,calle,13,-58.45849057,-34.56166498,peaton,cargas,peaton,femenino,72
2019-0050,1,2019,6,8,23,"SALGUERO, JERONIMO Y HONDURAS AV.",avenida,14,-58.41829559,-34.59411677,moto,cargas,conductor,masculino,21
2019-0051,1,2019,6,11,10,"FILIBERTO, JUAN DE DIOS Y OLAVARRIA",calle,4,-58.36376488,-34.63832093,moto,auto,conductor,masculino,41
2019-0053,1,2019,6,14,17,ASTURIAS AV. Y CASTAÑARES AV.,avenida,8,-58.46442668,-34.66004784,auto,auto,pasajero_acompañante,masculino,49
2019-0054,1,2019,6,20,3,GANDARA 2976,calle,15,-58.48222035,-34.58428769,moto,objeto fijo,conductor,masculino,21
2019-0055,1,2019,6,20,19,"GUEVARA, TRINIDAD Y MADERO, EDUARDO AV.",avenida,1,-58.36819005,-34.60283208,moto,pasajeros,conductor,masculino,47
2019-0056,1,2019,6,29,17,BOYACA AV. 305,avenida,7,-58.45877601,-34.62330939,peaton,auto,peaton,femenino,75
2019-0057,1,2019,7,5,19,ARTILLEROS Y LA PAMPA,calle,13,-58.44196498,-34.55760517,peaton,auto,peaton,femenino,63
2019-0058,1,2019,7,10,9,AUTOPISTA PERITO MORENO ALTURA PASO A NIVEL DE IRIGOYEN,autopista,10,-58.50622631,-34.63627822,moto,pasajeros,conductor,masculino,39
2019-0059,1,2019,7,13,22,15 DE NOVIEMBRE DE 1889 Y SANTIAGO DEL ESTERO,calle,1,-58.38410880,-34.63099197,moto,pasajeros,conductor,masculino,30
2019-0060,1,2019,7,17,11,"ACOSTA, MARIANO AV. Y FALCON, RAMON L., CNEL.",avenida,10,-58.48100602,-34.63504312,peaton,auto,peaton,femenino,78
2019-0061,1,2019,7,17,18,11 DE SEPTIEMBRE DE 1888 Y MENDOZA,calle,13,-58.45200171,-34.55781320,peaton,pasajeros,peaton,femenino,58
2019-0062,1,2019,8,1,23,"PINO, VIRREY DEL Y CAMPOS, LUIS M. AV.",avenida,13,-58.44462132,-34.56201105,peaton,pasajeros,peaton,femenino,60
2019-0063,1,2019,8,4,1,FOREST AV. Y MAURE,avenida,15,-58.45220688,-34.58711712,moto,pasajeros,pasajero_acompañante,masculino,37
2019-0064,1,2019,8,6,3,"BOYACA AV. Y AVELLANEDA AV,",avenida,7,-58.45962210,-34.62245140,moto,auto,conductor,masculino,20
2019-0065,1,2019,8,8,16,BARCO CENTENERA DEL Y TILCARA,calle,4,-58.41970850,-34.65414867,peaton,pasajeros,peaton,femenino,55
2019-0066,1,2019,8,11,21,RIESTRA AV. Y BOLIVAR,avenida,7,-58.44187596,-34.64938031,peaton,auto,peaton,masculino,40
2019-0067,1,2019,8,14,15,"CASTRO, EMILIO 4706",calle,10,-58.49101637,-34.64276621,moto,cargas,conductor,masculino,35
2019-0068,1,2019,8,14,17,27 DE FEBRERO AV. 5600,avenida,8,-58.42493829,-34.66256502,moto,moto,conductor,masculino,53
2019-0069,1,2019,8,17,5,"GARAY, JUAN DE AV. 2874",avenida,4,-58.40489318,-34.62930162,moto,auto,conductor,masculino,43
2019-0070,1,2019,8,22,12,"SCALABRINI ORTIZ, RAUL AV. y GORRITI",avenida,14,-58.42686680,-34.59217875,moto,bicicleta,conductor,masculino,25
2019-0071,1,2019,8,27,11,PRIMERA JUNTA Y OLIVERA AV.,avenida,9,-58.47961100,-34.65620398,peaton,cargas,peaton,masculino,37
2019-0072,1,2019,8,28,6,"ALBERDI, JUAN BAUTISTA AV. Y AZUL",avenida,10,-58.47439934,-34.63524207,auto,auto,conductor,masculino,22
2019-0073,1,2019,8,29,1,ALVAREZ THOMAS AV. 1788,avenida,15,-58.46711912,-34.57926018,auto,objeto fijo,conductor,masculino,29
2019-0074,1,2019,8,29,9,"LUGONES, LEOPOLDO AV. Y PAZ, GRAL. AV.",autopista,13,-58.46514781,-34.53465378,moto,cargas,conductor,masculino,35
2019-0075,1,2019,8,30,23,SAN ANTONIO Y LUJAN,calle,4,-58.37571078,-34.65584079,moto,pasajeros,conductor,masculino,31
2019-0076,1,2019,9,5,18,AUTOPISTA 1 SUR PRESIDENTE ARTURO FRONDIZI ALTURA DON PEDRO DE MENDOZA AV.,autopista,4,-58.37157668,-34.65429986,moto,cargas,conductor,femenino,29
2019-0077,1,2019,9,8,3,"FIGUEROA ALCORTA, PRES. AV. Y TAGLE",avenida,14,-58.39811256,-34.58070186,peaton,auto,peaton,femenino,28
2019-0078,1,2019,9,12,8,"EINSTEIN, ALBERTO Y ALCORTA, AMANCIO AV.",avenida,4,-58.41125934,-34.65417740,peaton,cargas,peaton,femenino,72
2019-0079,1,2019,9,17,5,AGRELO Y COLOMBRES,calle,5,-58.41822901,-34.61866836,moto,pasajeros,conductor,masculino,57
2019-0080,1,2019,9,17,18,"CABILDO AV. y PAZ, GRAL. AV.",avenida,13,-58.47617802,-34.53825652,peaton,moto,peaton,masculino,76
2019-0081,1,2019,9,23,16,ELCANO AV. 4300,avenida,15,-58.46141281,-34.58623761,peaton,pasajeros,peaton,masculino,67
2019-0082,1,2019,9,25,7,"RABANAL, FRANCISCO, INTENDENTE AV. 2428",avenida,8,-58.42985146,-34.66119740,bicicleta,cargas,ciclista,masculino,47
2019-0083,1,2019,9,26,8,MONTE Y CORVALAN,calle,9,-58.48457413,-34.65839090,auto,auto,conductor,masculino,73
2019-0084,1,2019,9,27,11,TANDIL Y LA FUENTE,calle,7,-58.46572884,-34.63628186,bicicleta,cargas,ciclista,femenino,40
2019-0085,1,2019,10,9,22,CARDOSO Y BACACAY,calle,10,-58.49261744,-34.63419130,bicicleta,otros,ciclista,masculino,20
2019-0086,1,2019,10,15,14,CORRIENTES AV. 6700,avenida,15,-58.45283186,-34.58841560,moto,pasajeros,conductor,masculino,29
2019-0087,1,2019,10,21,21,ALVAREZ THOMAS AV. Y MENDOZA,avenida,12,-58.47973681,-34.57418656,moto,moto,conductor,masculino,41
2019-0088,1,2019,10,22,20,"ALCORTA, AMANCIO AV. Y BONAVENA, OSCAR NATALIO",avenida,4,-58.40623949,-34.65076549,peaton,pasajeros,peaton,masculino,27
2019-0089,1,2019,10,23,15,"BROWN, ALTE. AV. Y BLANES, JUAN MANUEL",avenida,4,-58.36244648,-34.63107887,peaton,cargas,peaton,femenino,92
2019-0090,1,2019,10,24,18,"ALBERDI, JUAN BAUTISTA AV. 5455",avenida,9,-58.49962423,-34.64868027,peaton,moto,peaton,masculino,67
2019-0091,1,2019,11,1,20,"JUSTO, JUAN B. AV. Y CAMARGO",avenida,15,-58.44551437,-34.59559816,peaton,pasajeros,peaton,masculino,35
2019-0092,1,2019,11,3,10,"BRIN, MINISTRO Y SUAREZ",calle,4,-58.35608181,-34.63420319,peaton,pasajeros,peaton,masculino,37
2019-0093,1,2019,11,13,11,"NIZA Y JUSTO, JUAN B. AV.",avenida,11,-58.46483679,-34.60907662,bicicleta,otros,ciclista,masculino,16
2019-0094,1,2019,11,18,14,CAMARGO Y SERRANO,calle,15,-58.44368628,-34.59724326,moto,otros,pasajero_acompañante,femenino,37
2019-0095,1,2019,11,20,15,AUTOPISTA 1 SUR PRESIDENTE ARTURO FRONDIZI ALTURA CASEROS AV.,autopista,1,-58.37864583,-34.62907067,moto,cargas,conductor,masculino,37
2019-0096,1,2019,11,22,19,CASEROS AV. Y PIEDRAS,avenida,1,-58.37560352,-34.62726382,peaton,pasajeros,peaton,masculino,73
2019-0097,1,2019,11,25,8,"AUTOPISTA PERITO MORENO KM 5,6",autopista,9,-58.47721439,-34.64815069,moto,multiple,pasajero_acompañante,femenino,23
2019-0098,1,2019,11,25,14,GUZMAN 365,avenida,15,-58.45134029,-34.58984288,pasajeros,pasajeros,pasajero_acompañante,femenino,61
2019-0100,1,2019,12,5,17,de los constituyentes av. 4300,avenida,12,-58.49040794,-34.58368803,moto,auto,conductor,masculino,38
2019-0101,1,2019,12,17,4,"MORENO, PERITO AV. Y TILCARA AV.",avenida,4,-58.42102679,-34.64991178,moto,moto,conductor,masculino,25
2019-0102,1,2019,12,17,14,"IBARROLA Y GORDILLO, TIMOTEO",calle,9,-58.52219407,-34.64143926,moto,auto,conductor,masculino,18
2019-0103,1,2019,12,18,11,"PAZ, GRAL. AV. Y GRIVEO",avenida,11,-58.52169422,-34.59471640,moto,moto,conductor,masculino,24
2019-0104,1,2019,12,21,4,RIVADAVIA AV. Y PERGAMINO,avenida,10,-58.47460416,-34.63206174,moto,auto,pasajero_acompañante,femenino,23
2019-0105,1,2019,5,5,11,SANTO TOME Y SEGUROLA AV.,avenida,10,-58.50512382,-34.61520391,peaton,auto,peaton,femenino,82
2020-0001,1,2020,1,4,10,URIARTE Y LOYOLA,calle,15,-58.43910409,-34.59213355,peaton,auto,peaton,femenino,87
2020-0002,1,2020,1,5,20,SARAZA Y VARELA AV.,avenida,7,-58.45019436,-34.64646409,moto,objeto fijo,conductor,masculino,36
2020-0003,1,2020,1,11,6,RIVADAVIA AV. Y COMBATE DE LOS POZOS,avenida,3,-58.39337644,-34.60927582,peaton,auto,peaton,masculino,44
2020-0004,1,2020,1,14,21,RODRIGUEZ PEÑA Y RIVADAVIA AV.,avenida,1,-58.39055614,-34.60919284,peaton,pasajeros,peaton,masculino,82
2020-0005,1,2020,1,14,6,24 DE NOVIEMBRE Y SAN JUAN AV.,avenida,3,-58.41036975,-34.62477021,moto,pasajeros,conductor,masculino,25
2020-0006,1,2020,1,20,12,LAFUENTE AV. 2250,avenida,8,-58.44925765,-34.65412546,moto,cargas,conductor,masculino,23
2020-0007,1,2020,1,27,0,CHILE Y LIMA ,calle,1,-58.38156850,-34.61648696,peaton,moto,peaton,masculino,52
2020-0008,1,2020,1,30,7,CORDOBA AV. Y JEAN JAURES,avenida,2,-58.40662899,-34.59804521,moto,cargas,conductor,masculino,49
2020-0009,1,2020,2,4,14,"PERON, JUAN DOMINGO, TTE. GENERAL Y SALGUERO, JERONIMO",calle,5,-58.41985649,-34.60600850,peaton,auto,peaton,masculino,48
2020-0010,1,2020,2,8,5,9 DE JULIO AV. Y SAN JUAN AV.,avenida,1,-58.38099833,-34.62214953,moto,objeto fijo,conductor,masculino,37
2020-0011,1,2020,2,12,11,COLOMBRES 466,calle,5,-58.41803309,-34.61823178,moto,cargas,conductor,masculino,31
2020-0012,1,2020,2,18,21,MEXICO 2860,calle,3,-58.40604003,-34.61783553,peaton,moto,peaton,femenino,66
2020-0013,1,2020,2,20,12,COMBATIENTES DE MALVINAS AV. Y TRIUNVITARO AV.,avenida,15,-58.47549929,-34.57994061,peaton,moto,peaton,femenino,58
2020-0014,1,2020,2,27,2,BERMUDEZ Y NOGOYA,calle,11,-58.51398484,-34.61600366,moto,pasajeros,conductor,masculino,37
2020-0015,1,2020,2,28,14,BRASIL AV. Y PASEO COLON AV.,avenida,1,-58.36797542,-34.62519403,moto,pasajeros,conductor,masculino,29
2020-0016,1,2020,2,29,13,"ALEM,LEANDRO N. AV. 770",avenida,1,-58.37133616,-34.59879316,peaton,pasajeros,peaton,masculino,68
2020-0017,1,2020,3,5,23,BELGRANO AV. Y RINCON,avenida,3,-58.39613805,-34.61413568,peaton,auto,peaton,masculino,37
2020-0018,1,2020,3,9,14,"UDAONDO, GUILLERMO AV. 901",avenida,13,-58.44903073,-34.54200276,moto,objeto fijo,conductor,masculino,31
2020-0019,1,2020,3,10,21,CONSTITUCION Y CASTRO,calle,5,-58.41972364,-34.62846670,peaton,auto,peaton,femenino,80
2020-0020,1,2020,3,13,17,"PUEYRREDON AV. Y GOMEZ, VALENTIN",avenida,3,-58.40571596,-34.60557123,peaton,moto,peaton,femenino,74
2020-0021,1,2020,3,14,16,"BRAVO, MARIO 1279",calle,2,-58.41451590,-34.59488319,peaton,auto,peaton,femenino,87
2020-0022,1,2020,4,7,6,"DELLEPIANE, LUIS, TTE. GRAL. Y ESCALADA AV.",autopista,9,-58.47297505,-34.66245085,auto,cargas,pasajero_acompañante,masculino,44
2020-0023,1,2020,4,9,18,"ARAOZ DE LAMADRID, GREGORIO, GRAL. Y BROWN, ALTE. AV.",avenida,4,-58.35791192,-34.63695178,auto,cargas,conductor,masculino,44
2020-0024,1,2020,4,24,7,MURGUIONDO 1339,calle,9,-58.50801713,-34.65177305,auto,auto,conductor,masculino,53
2020-0025,1,2020,5,12,5,RIVADAVIA AV. 2551,avenida,3,-58.40258477,-34.60975108,peaton,auto,peaton,masculino,37
2020-0026,1,2020,5,17,6,"LUGONES, LEOPOLDO AV. KM 6,1",autopista,14,.,.,moto,objeto fijo,conductor,masculino,28
2020-0027,1,2020,5,18,8,"DELLEPIANE, LUIS, TTE. GRAL. Y MONTIEL",avenida,8,-58.48267426,-34.68454456,peaton,cargas,peaton,masculino,76
2020-0028,1,2020,5,19,10,"SCALABRINI ORTIZ, RAUL AV. Y WARNES AV.",avenida,15,-58.44248936,-34.60221948,peaton,pasajeros,peaton,masculino,91
2020-0029,1,2020,6,10,14,"PAZ, GRAL. AV. y ROFFO, ANGEL H., DR.",avenida,9,-58.52909134,-34.63886726,peaton,pasajeros,peaton,masculino,80
2020-0030,1,2020,6,16,15,SAN MARTIN AV. 1550,avenida,6,-58.45158942,-34.60646580,moto,multiple,conductor,masculino,40
2020-0031,1,2020,6,30,8,"GARZON, EUGENIO, GRAL. AV. y LARRAYA",avenida,9,-58.49344309,-34.65788529,moto,cargas,conductor,masculino,29
2020-0032,1,2020,7,10,23,CORRIENTES AV. Y SERRANO,avenida,15,-58.44259166,-34.59635137,moto,auto,conductor,masculino,21
2020-0033,1,2020,7,19,6,"PAZ, GRAL. AV. Y DEL LIBERTADOR AV.",avenida,13,-58.46743471,-34.53476874,auto,objeto fijo,conductor,masculino,32
2020-0034,1,2020,8,2,3,"MITRE, BARTOLOME Y ANCHORENA, TOMAS MANUEL DE, DR.",calle,3,-58.41178158,-34.60922259,peaton,auto,peaton,femenino,37
2020-0035,1,2020,8,4,5,"AU 25 DE MAYO ALTURA PUMACAHUA Y RECUERO, CASIMIRO, TTE. CNEL.",autopista,7,-58.45068621,-34.63638927,moto,pasajeros,conductor,masculino,40
2020-0036,1,2020,8,7,18,"SCALABRINI ORTIZ, RAUL AV. Y PARAGUAY",avenida,14,-58.42016954,-34.58778790,peaton,moto,peaton,masculino,72
2020-0037,1,2020,8,29,4,"FERNANDEZ DE LA CRUZ, F., GRAL. AV. Y VARELA AV.",avenida,8,-58.43850413,-34.65554754,peaton,auto,peaton,masculino,38
2020-0038,2,2020,8,30,4,"LAS HERAS GENERAL AV. Y DIAZ, CNEL. AV.",avenida,14,-58.40617526,-34.58345898,auto,auto,conductor,masculino,46
2020-0038,2,2020,8,30,4,"LAS HERAS GENERAL AV. Y DIAZ, CNEL. AV.",avenida,14,-58.40617526,-34.58345898,auto,auto,conductor,masculino,64
2020-0039,1,2020,9,1,19,MURGUIONDO 2700,calle,9,.,.,peaton,cargas,peaton,masculino,44
2020-0040,1,2020,9,12,3,"CASTILLO, RAMON S., PRES. AV. Y CALLE 12",avenida,2,-58.38526125,-34.57805810,auto,objeto fijo,conductor,masculino,37
2020-0041,1,2020,9,28,1,"CURAPALIGUE Y PERON, EVA AV.",avenida,7,-58.44750470,-34.63491705,moto,pasajeros,conductor,masculino,34
2020-0042,1,2020,9,29,17,"DIAZ, ANA Y SOLDADO DE LA FRONTERA AV.",avenida,8,-58.46745752,-34.68192648,peaton,pasajeros,peaton,femenino,53
2020-0043,1,2020,9,30,17,"ALEM, LEANDRO N. AV. Y PARAGUAY",avenida,1,-58.37202621,-34.59717942,peaton,pasajeros,peaton,masculino,64
2020-0044,1,2020,10,5,0,LA PLATA AV. E INDEPENDENCIA,avenida,6,-58.42779702,-34.62207347,auto,auto,conductor,masculino,43
2020-0045,1,2020,10,19,3,"PAZ, GRAL. AV. Y 27 DE FEBRERO AV.",avenida,8,-58.46244952,-34.70524971,auto,cargas,conductor,masculino,50
2020-0046,1,2020,10,27,21,"NAZCA AV. Y CARRANZA, ADOLFO P.",avenida,11,-58.48440160,-34.60776782,moto,moto,conductor,masculino,41
2020-0047,1,2020,10,27,14,AUTOPISTA CAMPORA ALTURA LACARRA AV.,autopista,9,-58.46668375,-34.65174801,peaton,cargas,peaton,masculino,15
2020-0048,1,2020,10,29,20,DORREGO AV. 614,avenida,15,-58.44958780,-34.59322448,moto,objeto fijo,conductor,masculino,41
2020-0049,1,2020,10,30,20,"DEL LIBERTADOR AV. Y RAMOS MEJIA, JOSE MARIA, DR. AV.",avenida,1,-58.37533517,-34.59276462,peaton,auto,peaton,masculino,36
2020-0050,1,2020,11,1,22,SANTA FE AV. Y GODOY CRUZ,avenida,14,-58.42525456,-34.57866344,peaton,moto,peaton,femenino,28
2020-0051,1,2020,11,5,0,AVELLANEDA AV. Y MERCEDES,avenida,10,-58.48493828,-34.62981124,moto,auto,conductor,masculino,49
2020-0052,1,2020,11,7,6,TUCUMAN Y PUEYRREDON AV.,avenida,3,-58.40480504,-34.60183884,bicicleta,cargas,ciclista,masculino,44
2020-0053,1,2020,11,9,3,"ALCORTA, AMANCIO AV. Y EINSTEIN, ALBERTO",avenida,4,-58.41125934,-34.65417740,auto,auto,pasajero_acompañante,masculino,27
2020-0054,1,2020,11,19,9,INCLAN Y ALBERTI,calle,4,-58.39956546,-34.62977080,bicicleta,auto,ciclista,masculino,59
2020-0055,1,2020,11,19,12,OLAZABAL AV. 5437,avenida,12,-58.49005682,-34.57868970,peaton,cargas,peaton,masculino,91
2020-0056,1,2020,11,21,13,"PAZ, GRAL. AV. Y DOCTOR RAMON CARRILLO",avenida,8,-58.47064556,-34.69843756,moto,cargas,conductor,femenino,34
2020-0057,1,2020,11,23,7,"NAZCA AV. Y VIALE, LUIS",avenida,11,-58.47501560,-34.61945902,peaton,auto,peaton,masculino,84
2020-0058,1,2020,11,24,16,"OLIVERA AV. Y FALCON, RAMON L., CNEL.",avenida,10,-58.48727942,-34.63652467,peaton,auto,peaton,masculino,57
2020-0059,1,2020,12,1,6,BRASIL 1100,calle,1,-58.37951690,-34.62794241,peaton,pasajeros,peaton,femenino,49
2020-0060,1,2020,12,3,20,"HOMERO Y PERON, EVA AV.",avenida,9,-58.47750832,-34.65672199,peaton,moto,peaton,femenino,69
2020-0061,1,2020,12,3,14,"CANTILO, INT. Y UDAONDO, GUILLERMO AV.",autopista,13,-58.44927253,-34.54048625,moto,cargas,conductor,masculino,45
2020-0062,1,2020,12,4,17,MORENO 1845,calle,3,-58.39246272,-34.61253541,bicicleta,pasajeros,ciclista,masculino,47
2020-0063,2,2020,12,5,7,NUEVA YORK Y ALTA GRACIA,calle,11,-58.52783814,-34.61047001,otros,moto,peaton,masculino,38
2020-0063,2,2020,12,5,7,NUEVA YORK Y ALTA GRACIA,calle,11,-58.52783814,-34.61047001,otros,moto,pasajero_acompañante,masculino,21
2020-0065,1,2020,12,5,16,"PAZ, GRAL. AV. Y GOYENECHE, ROBERTO PARQUE AV.",avenida,12,-58.49332664,-34.54836855,moto,auto,conductor,masculino,24
2020-0066,1,2020,12,7,4,AUTOPISTA PERITO MORENO ALTURA ESTACION DE TREN VILLA LURO,autopista,10,-58.50178784,-34.63593897,moto,objeto fijo,conductor,masculino,27
2020-0067,1,2020,12,11,22,SAENZ AV. Y BEAZLEY,avenida,4,-58.41657793,-34.65476216,peaton,pasajeros,peaton,masculino,51
2020-0068,1,2020,12,12,20,DEL LIBERTADOR AV. Y AUSTRIA,avenida,2,-58.39731474,-34.58307887,moto,auto,conductor,masculino,71
2020-0069,1,2020,12,15,5,"INDEPENDENCIA AV. Y SAENZ PEÑA, LUIS, PRES.",avenida,1,-58.38746381,-34.61790839,moto,pasajeros,pasajero_acompañante,masculino,25
2020-0070,1,2020,12,17,15,"CALLAO AV. Y LAS HERAS, GENERAL",avenida,2,-58.39189441,-34.59176378,peaton,pasajeros,peaton,femenino,81
2020-0071,1,2020,12,17,23,SAN PEDRITO AV. Y DIRECTORIO AV.,avenida,7,-58.46749188,-34.63551751,peaton,auto,peaton,masculino,4
2020-0072,1,2020,12,19,3,"JUJUY AV. Y CARLOS, CALVO",avenida,3,-58.40280471,-34.62113271,bicicleta,auto,ciclista,masculino,42
2020-0073,1,2020,12,20,7,27 DE FEBRERO AV. Y ESCALADA AV.,avenida,8,-58.44451316,-34.68475866,moto,objeto fijo,conductor,masculino,56
2020-0074,1,2020,12,20,21,BOGOTA Y NAZCA AV.,avenida,7,-58.47110424,-34.62742408,auto,auto,conductor,masculino,39
2020-0075,1,2020,12,23,14,CORRIENTES AV. Y 9 DE JULIO AV.,avenida,1,-58.38220928,-34.60373898,peaton,pasajeros,peaton,masculino,23
2020-0076,1,2020,12,24,12,ALVAREZ JONTE AV. Y CHIVILCOY,avenida,10,-58.49794468,-34.61565025,auto,pasajeros,conductor,femenino,78
2020-0077,2,2020,12,25,6,SAN MARTIN AV. Y PUNTA ARENAS,avenida,15,-58.47220945,-34.60111373,moto,auto,conductor,femenino,30
2020-0077,2,2020,12,25,6,SAN MARTIN AV. Y PUNTA ARENAS,avenida,15,-58.47220945,-34.60111373,moto,auto,pasajero_acompañante,femenino,24
2020-0078,1,2020,12,25,5,BARCO CENTENERA DEL 1118,calle,7,-58.43706741,-34.63217813,bicicleta,pasajeros,ciclista,masculino,26
2020-0079,1,2020,12,27,4,"PAZ, GRAL. AV. Y ACCESO NORTE - PANAMERICANA",avenida,12,-58.49332664,-34.54836855,moto,objeto fijo,conductor,masculino,28
2021-0001,1,2021,1,6,18,AU FRONDIZI KM. 3,autopista,1,-58.37960727,-34.62622851,moto,auto,conductor,masculino,36
2021-0002,1,2021,1,7,10,"CASTRO, EMILIO AV. Y MURGUIONDO",avenida,9,-58.51061062,-34.64972472,moto,cargas,conductor,femenino,47
2021-0003,1,2021,1,10,7,"AU 25 DE MAYO KM. 3,7",autopista,7,-58.43052224,-34.62941648,moto,objeto fijo,conductor,masculino,27
2021-0004,1,2021,1,11,9,CASEROS AV. Y GUARANI,avenida,5,-58.41455544,-34.63866836,peaton,cargas,peaton,femenino,61
2021-0005,1,2021,1,11,21,"PERON, EVA AV. 3800",avenida,9,-58.46774439,-34.64730145,peaton,auto,peaton,masculino,73
2021-0006,1,2021,1,12,21,AU ILLIA y SARMIENTO AV.,autopista,14,-58.40786274,-34.56726817,moto,cargas,pasajero_acompañante,femenino,23
2021-0007,1,2021,1,18,10,DE LOS CONSTITUYENTES AV. Y GIRIBONE,avenida,15,-58.48744301,-34.58622275,moto,moto,conductor,masculino,84
2021-0008,1,2021,1,22,23,"SAENZ AV. Y RABANAL, FRANCISCO, INTENDENTE AV.",avenida,4,-58.41657793,-34.65476216,peaton,pasajeros,peaton,masculino,28
2021-0009,1,2021,1,23,5,PAYSANDU Y GAONA,avenida,6,-58.45351111,-34.61134937,moto,objeto fijo,conductor,masculino,31
2021-0010,1,2021,1,23,8,"PAZ, GRAL. AV. Y BALBIN, RICARDO, DR. AV. ",avenida,12,-58.50073810,-34.54979510,moto,auto,conductor,masculino,28
2021-0011,1,2021,1,27,1,SANTA FE AV. 1675,avenida,2,-58.39144148,-34.59564871,peaton,auto,peaton,masculino,21
2021-0012,1,2021,1,29,20,AU DELLEPIANE Y GUAMINI,autopista,8,-58.48191128,-34.68385968,peaton,auto,peaton,masculino,37
2021-0013,1,2021,1,31,6,"FALCON, RAMON L., CNEL. Y OLIVERA AV.",avenida,10,-58.48727942,-34.63652467,moto,objeto fijo,conductor,masculino,41
2021-0014,1,2021,2,2,0,SAN MARTIN AV. Y NOGOYA,avenida,15,-58.48328708,-34.59779521,peaton,auto,peaton,masculino,28
2021-0015,1,2021,2,6,3,SAN MARTIN AV. Y TINOGASTA,avenida,15,-58.49018543,-34.59724990,moto,objeto fijo,conductor,masculino,26
2021-0016,1,2021,2,14,5,"FERNANDEZ DE LA CRUZ, F., GRAL. AV. Y DE LA TORRE, LISANDRO",avenida,8,-58.47230127,-34.68482689,auto,objeto fijo,conductor,masculino,22
2021-0017,1,2021,2,17,4,SALTA Y CASEROS AV.,avenida,1,-58.38262614,-34.63168269,moto,pasajeros,conductor,masculino,33
2021-0018,1,2021,2,20,19,"JAURES, JEAN Y PERON, JUAN DOMINGO, TTE. GENERAL",calle,3,-58.41047268,-34.60793518,peaton,auto,peaton,masculino,36
2021-0019,1,2021,2,21,1,"TRIUNVIRATO AV. Y LARRALDE, CRISOLOGO AV.",avenida,12,-58.49659234,-34.56353635,moto,objeto fijo,conductor,masculino,30
2021-0020,1,2021,2,21,15,POTOSI Y GASCON,calle,5,-58.42462955,-34.60727189,peaton,cargas,peaton,femenino,37
2021-0021,1,2021,2,26,5,"YRIGOYEN, HIPOLITO Y  24 DE NOVIEMBRE",calle,3,-58.41168345,-34.61185625,moto,objeto fijo,conductor,masculino,39
2021-0022,1,2021,2,28,12,DEL LIBERTADOR AV. Y ROOSEVELT FRANKLIN D.,avenida,13,-58.45157681,-34.55217303,pasajeros,auto,pasajero_acompañante,masculino,68
2021-0023,1,2021,3,1,9,"AU BUENOS AIRES LA PLATA  KM 4,5",autopista,4,.,.,moto,cargas,conductor,masculino,24
2021-0024,1,2021,3,3,16,"PERON, EVA AV. y PIEDRA BUENA AV",avenida,9,-58.49573651,-34.67006054,bicicleta,cargas,ciclista,masculino,5
2021-0025,1,2021,3,11,3,"PAZ, GRAL. AV. y DELLEPIANE, LUIS, TTE. GRAL",avenida,8,-58.48695354,-34.68795245,moto,otros,conductor,masculino,37
2021-0026,1,2021,3,15,2,"AU FRONDIZI ALTURA QUINQUELA MARTIN, BENITO",autopista,4,-58.37562539,-34.64449357,moto,objeto fijo,conductor,masculino,36
2021-0027,1,2021,3,16,15,"PAZ, GRAL. AV. y DONADO",avenida,12,-58.49491054,-34.54795581,moto,cargas,conductor,femenino,19
2021-0028,1,2021,3,29,17,"COREA AV. y TORRES Y TENORIO, PRES",avenida,7,-58.44147621,-34.64357704,peaton,pasajeros,peaton,masculino,37
2021-0029,1,2021,3,31,18,"FALCON, RAMON L., CNEL. Y SAN PEDRITO AV.",avenida,7,-58.46899119,-34.63215432,auto,auto,conductor,masculino,26
2021-0030,1,2021,4,3,18,FINOCHIETTO ENRIQUE DR. 1623,calle,4,-58.38685612,-34.63455776,peaton,pasajeros,peaton,masculino,36
2021-0031,1,2021,4,7,10,9 DE JULIO AV. E INDEPENDENCIA AV.,avenida,1,-58.38113667,-34.61765323,peaton,cargas,peaton,femenino,68
2021-0032,1,2021,4,10,19,"AU CANTILO Y GUIRALDES, INT.",autopista,13,-58.44112678,-34.54538956,peaton,moto,peaton,masculino,60
2021-0033,1,2021,4,14,17,AU 25 DE MAYO ALTURA BAJADA BOEDO AV.,autopista,5,-58.41595919,-34.62743346,auto,objeto fijo,conductor,masculino,33
2021-0034,1,2021,4,19,14,"ALCORTA, AMANCIO AV. y ZAVALETA",avenida,4,-58.40184094,-34.64546845,moto,cargas,pasajero_acompañante,femenino,26
2021-0035,1,2021,5,3,9,"JANER, ANA MARIA Y LAFUENTE AV.",avenida,8,-58.44642231,-34.65679806,moto,cargas,conductor,masculino,24
2021-0036,1,2021,5,9,6,"PAZ, GRAL. AV. Y MOSCONI GENERAL AV.",avenida,11,-58.52340614,-34.59798754,moto,objeto fijo,conductor,masculino,36
2021-0037,1,2021,5,11,7,"MONROE Y BALBIN, RICARDO, DR. AV.",avenida,13,-58.46649069,-34.56219075,peaton,pasajeros,peaton,femenino,58
2021-0038,1,2021,5,14,11,"JUSTO, JUAN B. AV. Y SANTA FE AV.",avenida,14,-58.42653328,-34.57816791,moto,cargas,conductor,femenino,44
2021-0039,1,2021,5,15,12,"OLIDEN Y ALBERDI, JUAN BAUTISTA AV.",avenida,9,-58.50407099,-34.65303372,bicicleta,auto,ciclista,masculino,86
2021-0040,1,2021,5,20,5,"PAZ, GRAL. AV. Y DEL LIBERTADOR AV.",avenida,13,-58.46743471,-34.53476874,moto,auto,conductor,masculino,27
2021-0041,1,2021,5,20,8,DEL LIBERTADOR AV. Y CASARES AV.,avenida,14,-58.40986646,-34.57728060,peaton,pasajeros,peaton,masculino,75
2021-0042,1,2021,5,21,5,RIVADAVIA AV. 10900,avenida,9,-58.51739138,-34.63931792,peaton,pasajeros,peaton,masculino,39
2021-0043,1,2021,5,22,18,"ALBERDI, JUAN BAUTISTA AV. Y PILAR",avenida,9,-58.50719962,-34.65556223,peaton,auto,peaton,masculino,50
2021-0044,1,2021,5,25,2,"PERON, EVA AV. Y ACOSTA, MARIANO",avenida,9,-58.46712311,-34.64600222,moto,objeto fijo,pasajero_acompañante,masculino,21
2021-0045,1,2021,5,26,17,AU FRONDIZI Y SUAREZ AV.,autopista,4,-58.37709334,-34.64035082,moto,multiple,conductor,masculino,22
2021-0046,1,2021,5,31,2,EL CANO AV. Y GUZMAN AV.,avenida,15,-58.46033141,-34.58569883,auto,objeto fijo,pasajero_acompañante,masculino,20
2021-0047,1,2021,6,2,16,"VEDIA, AGUSTIN DE Y RABANAL, FRANCISCO, INTENDENTE AV.",avenida,4,-58.42190745,-34.65633192,moto,auto,conductor,masculino,59
2021-0048,1,2021,6,3,9,CAPDEVILLA Y CONGRESO AV.,avenida,12,-58.49026573,-34.56981410,bicicleta,auto,ciclista,masculino,44
2021-0049,1,2021,6,3,20,"FERNANDEZ DE LA CRUZ, F., GRAL. AV. 4000",avenida,8,-58.45410344,-34.66902702,auto,auto,conductor,masculino,74
2021-0050,1,2021,6,10,13,DEL LIBERTADOR AV. 5958,avenida,13,-58.44751621,-34.55719892,moto,pasajeros,conductor,masculino,56
2021-0051,1,2021,6,15,19,27 DE FEBRERO AV. Y EREZCANO AV.,avenida,4,-58.42040352,-34.66005171,peaton,cargas,peaton,masculino,73
2021-0052,1,2021,6,20,5,"PAZ, GRAL. AV. 14723",avenida,8,-58.49530249,-34.68010798,moto,objeto fijo,pasajero_acompañante,femenino,19
2021-0053,1,2021,6,20,12,CORRIENTES AV. 5783,avenida,15,-58.44399875,-34.59477360,peaton,bicicleta,peaton,masculino,58
2021-0054,1,2021,6,22,14,TABARE Y EREZCANO,calle,4,-58.42759813,-34.65463857,moto,cargas,conductor,masculino,41
2021-0055,1,2021,6,29,12,CORRIENTES AV. Y PUEYRREDOR AV.,avenida,3,-58.40547222,-34.60456293,moto,cargas,pasajero_acompañante,masculino,47
2021-0056,1,2021,7,9,23,"CORRALES Y MORENO, PERITO AV.",avenida,4,-58.42473018,-34.65008280,bicicleta,auto,ciclista,masculino,60
2021-0057,1,2021,7,10,23,"AU ILLIA KM 3.2, ALTURA CABINAS DE PEAJE",autopista,2,-58.39257023,-34.57563957,auto,objeto fijo,conductor,masculino,46
2021-0058,1,2021,7,21,0,AV. GRAL. PAZ Y VEDIA,avenida,12,-58.48941042,-34.54596153,peaton,auto,peaton,masculino,24
2021-0059,1,2021,7,22,1,"GARAY, JUAN DE AV. 2269",avenida,3,-58.39640740,-34.62783085,auto,objeto fijo,pasajero_acompañante,femenino,44
2021-0060,1,2021,7,22,12,"SALGUERO, JERONIMO Y RIVADAVIA AV.",avenida,5,-58.41971993,-34.61112240,peaton,pasajeros,peaton,femenino,80
2021-0061,1,2021,7,24,9,"MORENO, PERITO AV. Y ALCORTA, AMANCIO AV.",avenida,4,-58.40544588,-34.65012801,peaton,cargas,peaton,femenino,55
2021-0062,1,2021,7,27,7,LA PLATA AV. 2723,avenida,4,-58.42003882,-34.64645957,auto,cargas,conductor,masculino,73
2021-0063,1,2021,8,2,4,"ALBERDI, JUAN BAUTISTA AV. 2906",avenida,7,-58.46851293,-34.63348678,auto,auto,pasajero_acompañante,femenino,31
2021-0064,1,2021,8,2,20,"PAZ, GRAL. AV. Y TONELERO",avenida,9,-58.52931141,-34.65422917,peaton,cargas,peaton,masculino,37
2021-0065,1,2021,8,6,8,Av. SAN JUAN Y AV. LA PLATA,avenida,6,-58.42675754,-34.62699730,peaton,pasajeros,peaton,femenino,63
2021-0066,1,2021,8,6,20,Av. LOPE DE VEGA Y AV. GRAL. PAZ,avenida,11,-58.52933723,-34.61098186,peaton,pasajeros,peaton,masculino,59
2021-0067,1,2021,8,8,9,"AU FRONDIZI KM 2,9 (ALTURA BRASIL)",autopista,1,-58.37910943,-34.62764718,moto,objeto fijo,conductor,masculino,27
2021-0068,1,2021,8,15,6,"BEIRO, FRANCISCO AV. 5071",avenida,11,-58.52161176,-34.61164474,moto,objeto fijo,conductor,masculino,39
2021-0069,1,2021,8,20,17,AV. SANTA FE 3428,avenida,14,-58.41354692,-34.58697680,peaton,auto,peaton,masculino,17
2021-0070,1,2021,8,28,8,"CHILAVERT, MARTINIANO, CORONEL Y VARELA AV.",avenida,8,-58.43960781,-34.65470804,moto,cargas,conductor,masculino,31
2021-0071,1,2021,8,31,16,SAN LUIS 2730,calle,3,-58.40454610,-34.60003693,peaton,moto,peaton,masculino,88
2021-0072,1,2021,9,1,19,CALLAO AV. Y PARAGUAY,avenida,2,-58.39303911,-34.59871111,peaton,auto,peaton,femenino,57
2021-0073,1,2021,9,18,12,"DEL LIBERTADOR AV. Y AGOTE, LUIS DR.",avenida,2,-58.39391034,-34.58405348,bicicleta,auto,ciclista,femenino,76
2021-0074,1,2021,9,20,15,"PAZ, GRAL. AV. Y BALBIN, RICARDO, DR. AV.",avenida,12,-58.50073810,-34.54979510,moto,multiple,conductor,masculino,55
2021-0075,1,2021,9,21,14,SALTA Y BRASIL,calle,1,-58.38281301,-34.62786038,peaton,cargas,peaton,masculino,65
2021-0076,1,2021,10,16,6,"MORENO, PERITO AV. 2152",avenida,7,-58.43980799,-34.65094083,moto,objeto fijo,conductor,masculino,31
2021-0077,1,2021,10,18,7,DIRECTORIO AV. 1169,avenida,6,-58.44402387,-34.62933109,moto,cargas,conductor,femenino,31
2021-0078,1,2021,10,23,6,INDEPENDENCIA AV. Y LA PLATA AV.,avenida,6,-58.42779702,-34.62207347,moto,pasajeros,conductor,masculino,22
2021-0079,1,2021,10,25,3,TUCUMAN 3112,calle,3,-58.40944147,-34.60097942,peaton,auto,peaton,masculino,37
2021-0080,1,2021,10,28,16,ARENALES Y 9 DE JULIO AV.,avenida,1,-58.38277479,-34.59430160,moto,auto,conductor,masculino,32
2021-0081,1,2021,11,2,13,AU FRONDIZI SUBIDA BRANDSEN,autopista,4,-58.37627355,-34.63800916,moto,cargas,conductor,masculino,26
2021-0082,1,2021,11,6,4,AU 25 DE MAYO KM7 (ALTURA PASCO),autopista,3,-58.39591856,-34.62453459,moto,auto,conductor,masculino,38
2021-0083,1,2021,11,9,0,CABILDO AV. Y OLAZABAL,avenida,13,-58.45829717,-34.56015762,moto,auto,conductor,masculino,30
2021-0084,1,2021,11,11,3,TAPALQUE Y BRUIX AV.,avenida,9,-58.49142611,-34.64584795,auto,objeto fijo,conductor,masculino,32
2021-0085,1,2021,11,20,18,"PAZ, GRAL. AV. Y EZEIZA",avenida,12,-58.51271409,-34.57786555,moto,objeto fijo,conductor,masculino,49
2021-0086,1,2021,11,25,10,RIVADAVIA AV. Y PUAN,avenida,6,-58.44864864,-34.62352826,peaton,pasajeros,peaton,masculino,75
2021-0087,1,2021,11,27,11,ESMERALDA 1359,calle,1,-58.37795815,-34.59167894,peaton,bicicleta,peaton,femenino,73
2021-0088,1,2021,12,1,15,AV. MOROE Y 3 DE FEBRERO,calle,13,-58.45531707,-34.55555257,moto,auto,conductor,masculino,45
2021-0089,1,2021,12,2,1,AV. GAONA 3655,avenida,11,-58.47633683,-34.62140594,moto,auto,conductor,masculino,41
2021-0090,1,2021,12,10,11,AV. 9 DE JULIO Y LAVALLE,avenida,1,-58.38188582,-34.60256036,peaton,pasajeros,peaton,masculino,73
2021-0091,1,2021,12,11,23,BAIGORRIA Y VICTOR HUGO,calle,10,-58.51989389,-34.62284918,moto,auto,conductor,masculino,24
2021-0092,1,2021,12,12,6,AV. RIVADAVIA Y AV. PUEYRREDON,avenida,3,-58.40596860,-34.61011987,peaton,auto,peaton,femenino,50
2021-0093,1,2021,12,13,17,AV. RIESTRA Y MOM,avenida,7,-58.43353773,-34.64561636,moto,auto,pasajero_acompañante,femenino,18
2021-0094,1,2021,12,20,1,AU DELLEPIANE Y LACARRA,autopista,9,-58.46739825,-34.65117757,moto,auto,pasajero_acompañante,femenino,43
2021-0095,1,2021,12,30,0,AV. GAONA Y TERRADA,avenida,11,-58.47293407,-34.61984745,moto,cargas,conductor,masculino,27
2021-0096,1,2021,12,15,10,AV. EVA PERON 4071,avenida,9,-58.47066794,-34.65021673,auto,cargas,conductor,masculino,60
2021-0097,1,2021,11,18,6,PADRE CARLOS MUJICA 709,calle,1,-58.37976155,-34.58679619,bicicleta,auto,ciclista,masculino,53
